Timestamp,ISO_Time,PID,Uptime_Sec,RSS_KB,VSZ_KB,Threads,Temp_C,Throttled,Service
1789851601,2026-09-20 00:00:01,6290,24084,11940,48792,5,45.5,0x0,active
1789851661,2026-09-20 00:01:01,6290,24144,11948,48792,5,44.4,0x0,active
1789851721,2026-09-20 00:02:01,6290,24204,11948,48792,5,44.9,0x0,active
1789851781,2026-09-20 00:03:01,6290,24264,11948,48792,5,44.4,0x0,active
1789851841,2026-09-20 00:04:01,6290,24324,11948,48792,5,44.4,0x0,active
1789851901,2026-09-20 00:05:01,6290,24384,11948,48792,5,44.4,0x0,active
1789851961,2026-09-20 00:06:01,6290,24444,11948,48792,5,44.9,0x0,active
1789852021,2026-09-20 00:07:01,6290,24504,11956,48792,5,44.4,0x0,active
1789852081,2026-09-20 00:08:01,6290,24564,11956,48792,5,44.9,0x0,active
1789852141,2026-09-20 00:09:01,6290,24624,11956,48792,5,45.5,0x0,active
1789852201,2026-09-20 00:10:01,6290,24684,11956,48792,5,44.9,0x0,active
1789852261,2026-09-20 00:11:01,6290,24744,11956,48792,5,44.9,0x0,active
1789852321,2026-09-20 00:12:01,6290,24804,11956,48792,5,44.4,0x0,active
1789852381,2026-09-20 00:13:01,6290,24864,11956,48792,5,44.9,0x0,active
1789852441,2026-09-20 00:14:01,6290,24924,11956,48792,5,45.5,0x0,active
1789852501,2026-09-20 00:15:01,6290,24984,11956,48792,5,44.4,0x0,active
1789852561,2026-09-20 00:16:01,6290,25044,11956,48792,5,44.4,0x0,active
1789852621,2026-09-20 00:17:01,6290,25104,11956,48792,5,44.4,0x0,active
1789852681,2026-09-20 00:18:01,6290,25164,11956,48792,5,44.9,0x0,active
1789852741,2026-09-20 00:19:01,6290,25224,11956,48792,5,44.4,0x0,active
1789852801,2026-09-20 00:20:01,6290,25284,11956,48792,5,44.4,0x0,active
1789852861,2026-09-20 00:21:01,6290,25344,11956,48792,5,44.4,0x0,active
1789852921,2026-09-20 00:22:01,6290,25404,11956,48792,5,44.4,0x0,active
1789852981,2026-09-20 00:23:01,6290,25464,11956,48792,5,44.9,0x0,active
1789853041,2026-09-20 00:24:01,6290,25524,11956,48792,5,44.4,0x0,active
1789853101,2026-09-20 00:25:01,6290,25584,11956,48792,5,44.9,0x0,active
1789853161,2026-09-20 00:26:01,6290,25644,11956,48792,5,44.4,0x0,active
1789853221,2026-09-20 00:27:01,6290,25704,11960,48792,5,44.9,0x0,active
1789853281,2026-09-20 00:28:01,6290,25764,11960,48792,5,44.4,0x0,active
1789853341,2026-09-20 00:29:01,6290,25824,11960,48792,5,44.9,0x0,active
1789853401,2026-09-20 00:30:01,6290,25884,11968,48792,5,44.9,0x0,active
1789853461,2026-09-20 00:31:01,6290,25944,11976,48792,5,44.9,0x0,active
1789853521,2026-09-20 00:32:01,6290,26004,11988,48792,5,44.4,0x0,active
1789853581,2026-09-20 00:33:01,6290,26064,11988,48792,5,44.4,0x0,active
1789853641,2026-09-20 00:34:01,6290,26124,11988,48792,5,44.4,0x0,active
1789853701,2026-09-20 00:35:01,6290,26184,11988,48792,5,44.9,0x0,active
1789853761,2026-09-20 00:36:01,6290,26244,11988,48792,5,45.5,0x0,active
1789853821,2026-09-20 00:37:01,6290,26304,11996,48792,5,44.9,0x0,active
1789853881,2026-09-20 00:38:01,6290,26364,12000,48792,5,44.9,0x0,active
1789853941,2026-09-20 00:39:01,6290,26424,12004,48792,5,44.9,0x0,active
1789854001,2026-09-20 00:40:01,6290,26484,12008,48792,5,44.9,0x0,active
1789854061,2026-09-20 00:41:01,6290,26544,12008,48792,5,44.4,0x0,active
1789854121,2026-09-20 00:42:01,6290,26604,12024,48792,5,44.4,0x0,active
1789854181,2026-09-20 00:43:01,6290,26664,12032,48792,5,44.4,0x0,active
1789854241,2026-09-20 00:44:01,6290,26724,12032,48792,5,44.4,0x0,active
1789854301,2026-09-20 00:45:01,6290,26784,12032,48792,5,44.4,0x0,active
1789854361,2026-09-20 00:46:01,6290,26844,12032,48792,5,44.4,0x0,active
1789854421,2026-09-20 00:47:01,6290,26904,12032,48792,5,44.4,0x0,active
1789854481,2026-09-20 00:48:01,6290,26964,12032,48792,5,44.9,0x0,active
1789854541,2026-09-20 00:49:01,6290,27024,12036,48792,5,44.4,0x0,active
1789854601,2026-09-20 00:50:01,6290,27084,12036,48792,5,44.9,0x0,active
1789854661,2026-09-20 00:51:01,6290,27144,12052,48792,5,44.4,0x0,active
1789854721,2026-09-20 00:52:01,6290,27204,12052,48792,5,44.4,0x0,active
1789854781,2026-09-20 00:53:01,6290,27264,12052,48792,5,44.4,0x0,active
1789854841,2026-09-20 00:54:01,6290,27324,12052,48792,5,44.4,0x0,active
1789854901,2026-09-20 00:55:01,6290,27384,12052,48792,5,44.9,0x0,active
1789854961,2026-09-20 00:56:01,6290,27444,12052,48792,5,44.4,0x0,active
1789855021,2026-09-20 00:57:01,6290,27504,12068,48792,5,44.9,0x0,active
1789855081,2026-09-20 00:58:01,6290,27564,12068,48792,5,44.9,0x0,active
1789855141,2026-09-20 00:59:01,6290,27624,12068,48792,5,44.4,0x0,active
1789855201,2026-09-20 01:00:01,6290,27684,12068,48792,5,44.9,0x0,active
1789855261,2026-09-20 01:01:01,6290,27744,12068,48792,5,44.9,0x0,active
1789855321,2026-09-20 01:02:01,6290,27804,12068,48792,5,44.9,0x0,active
1789855381,2026-09-20 01:03:01,6290,27864,12072,48792,5,44.9,0x0,active
1789855441,2026-09-20 01:04:01,6290,27924,12076,48792,5,44.4,0x0,active
1789855501,2026-09-20 01:05:01,6290,27984,12076,48792,5,44.9,0x0,active
1789855561,2026-09-20 01:06:01,6290,28044,12076,48792,5,44.4,0x0,active
1789855621,2026-09-20 01:07:01,6290,28104,12076,48792,5,44.4,0x0,active
1789855681,2026-09-20 01:08:01,6290,28164,12076,48792,5,44.4,0x0,active
1789855741,2026-09-20 01:09:01,6290,28224,12076,48792,5,44.9,0x0,active
1789855801,2026-09-20 01:10:01,6290,28284,12076,48792,5,44.4,0x0,active
1789855861,2026-09-20 01:11:01,6290,28344,12076,48792,5,44.9,0x0,active
1789855921,2026-09-20 01:12:01,6290,28404,12076,48792,5,44.9,0x0,active
1789855981,2026-09-20 01:13:01,6290,28464,12080,48792,5,44.9,0x0,active
1789856041,2026-09-20 01:14:01,6290,28524,12080,48792,5,44.4,0x0,active
1789856101,2026-09-20 01:15:01,6290,28584,12080,48792,5,44.4,0x0,active
1789856161,2026-09-20 01:16:01,6290,28644,12080,48792,5,44.4,0x0,active
1789856221,2026-09-20 01:17:01,6290,28704,12080,48792,5,44.4,0x0,active
1789856281,2026-09-20 01:18:01,6290,28764,12080,48792,5,44.4,0x0,active
1789856341,2026-09-20 01:19:01,6290,28824,12080,48792,5,44.4,0x0,active
1789856401,2026-09-20 01:20:01,6290,28884,12080,48792,5,44.9,0x0,active
1789856461,2026-09-20 01:21:01,6290,28944,12080,48792,5,44.9,0x0,active
1789856521,2026-09-20 01:22:01,6290,29004,12080,48792,5,45.5,0x0,active
1789856581,2026-09-20 01:23:01,6290,29064,12080,48792,5,44.4,0x0,active
1789856641,2026-09-20 01:24:01,6290,29124,12080,48792,5,44.9,0x0,active
1789856701,2026-09-20 01:25:01,6290,29184,12080,48792,5,44.4,0x0,active
1789856761,2026-09-20 01:26:01,6290,29244,12080,48792,5,44.4,0x0,active
1789856821,2026-09-20 01:27:01,6290,29304,12080,48792,5,44.4,0x0,active
1789856881,2026-09-20 01:28:01,6290,29364,12084,48792,5,44.9,0x0,active
1789856941,2026-09-20 01:29:01,6290,29424,12084,48792,5,44.4,0x0,active
1789857001,2026-09-20 01:30:01,6290,29484,12084,48792,5,44.4,0x0,active
1789857061,2026-09-20 01:31:01,6290,29544,12116,48792,5,44.9,0x0,active
1789857121,2026-09-20 01:32:01,6290,29604,12116,48792,5,44.4,0x0,active
1789857181,2026-09-20 01:33:01,6290,29664,12116,48792,5,44.4,0x0,active
1789857241,2026-09-20 01:34:01,6290,29724,12116,48792,5,44.4,0x0,active
1789857301,2026-09-20 01:35:01,6290,29784,12116,48792,5,44.9,0x0,active
1789857361,2026-09-20 01:36:01,6290,29844,12116,48792,5,44.4,0x0,active
1789857421,2026-09-20 01:37:01,6290,29904,12120,48792,5,44.4,0x0,active
1789857481,2026-09-20 01:38:01,6290,29964,12120,48792,5,44.4,0x0,active
1789857541,2026-09-20 01:39:01,6290,30024,12120,48792,5,44.9,0x0,active
1789857601,2026-09-20 01:40:01,6290,30084,12120,48792,5,44.4,0x0,active
1789857661,2026-09-20 01:41:01,6290,30144,12124,48792,5,44.4,0x0,active
1789857721,2026-09-20 01:42:01,6290,30204,12124,48792,5,44.9,0x0,active
1789857781,2026-09-20 01:43:01,6290,30264,12124,48792,5,44.4,0x0,active
1789857841,2026-09-20 01:44:01,6290,30324,12124,48792,5,44.4,0x0,active
1789857901,2026-09-20 01:45:01,6290,30384,12124,48792,5,44.4,0x0,active
1789857961,2026-09-20 01:46:01,6290,30444,12124,48792,5,44.9,0x0,active
1789858021,2026-09-20 01:47:01,6290,30504,12128,48792,5,44.9,0x0,active
1789858081,2026-09-20 01:48:01,6290,30564,12128,48792,5,44.9,0x0,active
1789858141,2026-09-20 01:49:01,6290,30624,12128,48792,5,44.4,0x0,active
1789858201,2026-09-20 01:50:01,6290,30684,12128,48792,5,44.9,0x0,active
1789858261,2026-09-20 01:51:01,6290,30744,12132,48792,5,44.4,0x0,active
1789858321,2026-09-20 01:52:01,6290,30804,12132,48792,5,44.4,0x0,active
1789858381,2026-09-20 01:53:01,6290,30864,12132,48792,5,44.4,0x0,active
1789858441,2026-09-20 01:54:01,6290,30924,12132,48792,5,44.4,0x0,active
1789858501,2026-09-20 01:55:01,6290,30984,12132,48792,5,44.9,0x0,active
1789858561,2026-09-20 01:56:01,6290,31044,12132,48792,5,44.4,0x0,active
1789858621,2026-09-20 01:57:01,6290,31104,12132,48792,5,44.4,0x0,active
1789858681,2026-09-20 01:58:01,6290,31164,12132,48792,5,44.9,0x0,active
1789858741,2026-09-20 01:59:01,6290,31224,12132,48792,5,44.4,0x0,active
1789858801,2026-09-20 02:00:01,6290,31284,12132,48792,5,44.9,0x0,active
1789858861,2026-09-20 02:01:01,6290,31344,12132,48792,5,44.4,0x0,active
1789858921,2026-09-20 02:02:01,6290,31404,12132,48792,5,44.4,0x0,active
1789858981,2026-09-20 02:03:01,6290,31464,12132,48792,5,44.4,0x0,active
1789859041,2026-09-20 02:04:01,6290,31524,12132,48792,5,44.4,0x0,active
1789859101,2026-09-20 02:05:01,6290,31584,12132,48792,5,44.4,0x0,active
1789859161,2026-09-20 02:06:01,6290,31644,12136,48792,5,44.9,0x0,active
1789859221,2026-09-20 02:07:01,6290,31704,12136,48792,5,44.4,0x0,active
1789859281,2026-09-20 02:08:01,6290,31764,12136,48792,5,44.4,0x0,active
1789859341,2026-09-20 02:09:01,6290,31824,12136,48792,5,44.4,0x0,active
1789859401,2026-09-20 02:10:01,6290,31884,12136,48792,5,44.4,0x0,active
1789859461,2026-09-20 02:11:01,6290,31944,12140,48792,5,44.9,0x0,active
1789859521,2026-09-20 02:12:01,6290,32004,12140,48792,5,44.4,0x0,active
1789859581,2026-09-20 02:13:01,6290,32064,12140,48792,5,44.4,0x0,active
1789859641,2026-09-20 02:14:01,6290,32124,12140,48792,5,44.9,0x0,active
1789859701,2026-09-20 02:15:01,6290,32184,12140,48792,5,44.9,0x0,active
1789859761,2026-09-20 02:16:01,6290,32244,12140,48792,5,44.4,0x0,active
1789859821,2026-09-20 02:17:01,6290,32304,12140,48792,5,44.9,0x0,active
1789859881,2026-09-20 02:18:01,6290,32364,12140,48792,5,44.4,0x0,active
1789859941,2026-09-20 02:19:01,6290,32424,12140,48792,5,44.4,0x0,active
1789860001,2026-09-20 02:20:01,6290,32484,12144,48792,5,44.4,0x0,active
1789860061,2026-09-20 02:21:01,6290,32544,12144,48792,5,44.4,0x0,active
1789860121,2026-09-20 02:22:01,6290,32604,12144,48792,5,44.9,0x0,active
1789860181,2026-09-20 02:23:01,6290,32664,12144,48792,5,44.4,0x0,active
1789860241,2026-09-20 02:24:01,6290,32724,12144,48792,5,44.4,0x0,active
1789860301,2026-09-20 02:25:01,6290,32784,12144,48792,5,44.4,0x0,active
1789860361,2026-09-20 02:26:01,6290,32844,12144,48792,5,46.0,0x0,active
1789860421,2026-09-20 02:27:01,6290,32904,12144,48792,5,44.9,0x0,active
1789860481,2026-09-20 02:28:01,6290,32964,12148,48792,5,44.9,0x0,active
1789860541,2026-09-20 02:29:01,6290,33024,12148,48792,5,44.9,0x0,active
1789860601,2026-09-20 02:30:01,6290,33084,12148,48792,5,44.4,0x0,active
1789860661,2026-09-20 02:31:01,6290,33144,12148,48792,5,44.4,0x0,active
1789860721,2026-09-20 02:32:01,6290,33204,12148,48792,5,44.9,0x0,active
1789860781,2026-09-20 02:33:01,6290,33264,12148,48792,5,44.9,0x0,active
1789860841,2026-09-20 02:34:01,6290,33324,12156,48792,5,44.9,0x0,active
1789860901,2026-09-20 02:35:01,6290,33384,12156,48792,5,44.4,0x0,active
1789860961,2026-09-20 02:36:01,6290,33444,12156,48792,5,45.5,0x0,active
1789861021,2026-09-20 02:37:01,6290,33504,12156,48792,5,44.4,0x0,active
1789861081,2026-09-20 02:38:01,6290,33564,12156,48792,5,44.4,0x0,active
1789861141,2026-09-20 02:39:01,6290,33624,12156,48792,5,44.9,0x0,active
1789861201,2026-09-20 02:40:01,6290,33684,12156,48792,5,44.4,0x0,active
1789861261,2026-09-20 02:41:01,6290,33744,12160,48792,5,44.9,0x0,active
1789861321,2026-09-20 02:42:01,6290,33804,12176,48792,5,44.4,0x0,active
1789861381,2026-09-20 02:43:01,6290,33864,12176,48792,5,44.4,0x0,active
1789861441,2026-09-20 02:44:01,6290,33924,12176,48792,5,44.4,0x0,active
1789861501,2026-09-20 02:45:01,6290,33984,12176,48792,5,44.4,0x0,active
1789861561,2026-09-20 02:46:01,6290,34044,12176,48792,5,44.4,0x0,active
1789861621,2026-09-20 02:47:01,6290,34104,12176,48792,5,44.9,0x0,active
1789861681,2026-09-20 02:48:01,6290,34164,12176,48792,5,44.4,0x0,active
1789861741,2026-09-20 02:49:01,6290,34224,12176,48792,5,44.4,0x0,active
1789861801,2026-09-20 02:50:01,6290,34284,12176,48792,5,44.9,0x0,active
1789861861,2026-09-20 02:51:01,6290,34344,12176,48792,5,44.9,0x0,active
1789861921,2026-09-20 02:52:01,6290,34404,12184,48792,5,44.4,0x0,active
1789861981,2026-09-20 02:53:01,6290,34464,12184,48792,5,44.4,0x0,active
1789862041,2026-09-20 02:54:01,6290,34524,12184,48792,5,44.4,0x0,active
1789862101,2026-09-20 02:55:01,6290,34584,12184,48792,5,44.4,0x0,active
1789862161,2026-09-20 02:56:01,6290,34644,12184,48792,5,44.4,0x0,active
1789862221,2026-09-20 02:57:01,6290,34704,12188,48792,5,44.4,0x0,active
1789862281,2026-09-20 02:58:01,6290,34764,12188,48792,5,44.4,0x0,active
1789862341,2026-09-20 02:59:01,6290,34824,12188,48792,5,44.4,0x0,active
1789862401,2026-09-20 03:00:01,6290,34884,12188,48792,5,44.4,0x0,active
1789862461,2026-09-20 03:01:01,6290,34944,12188,48792,5,44.4,0x0,active
1789862521,2026-09-20 03:02:01,6290,35004,12188,48792,5,44.9,0x0,active
1789862581,2026-09-20 03:03:01,6290,35064,12196,48792,5,44.4,0x0,active
1789862641,2026-09-20 03:04:01,6290,35124,12196,48792,5,44.4,0x0,active
1789862701,2026-09-20 03:05:01,6290,35184,12196,48792,5,44.9,0x0,active
1789862761,2026-09-20 03:06:01,6290,35244,12196,48792,5,44.4,0x0,active
1789862821,2026-09-20 03:07:01,6290,35304,12200,48792,5,44.9,0x0,active
1789862881,2026-09-20 03:08:01,6290,35364,12200,48792,5,44.4,0x0,active
1789862941,2026-09-20 03:09:01,6290,35424,12200,48792,5,44.9,0x0,active
1789863001,2026-09-20 03:10:01,6290,35484,12200,48792,5,44.9,0x0,active
1789863061,2026-09-20 03:11:01,6290,35544,12204,48792,5,44.9,0x0,active
1789863121,2026-09-20 03:12:01,6290,35604,12208,48792,5,44.4,0x0,active
1789863181,2026-09-20 03:13:01,6290,35664,12208,48792,5,44.9,0x0,active
1789863241,2026-09-20 03:14:01,6290,35724,12208,48792,5,44.9,0x0,active
1789863301,2026-09-20 03:15:01,6290,35784,12208,48792,5,44.4,0x0,active
1789863361,2026-09-20 03:16:01,6290,35844,12220,48792,5,44.4,0x0,active
1789863421,2026-09-20 03:17:01,6290,35904,12220,48792,5,45.5,0x0,active
1789863481,2026-09-20 03:18:01,6290,35964,12220,48792,5,44.4,0x0,active
1789863541,2026-09-20 03:19:01,6290,36024,12220,48792,5,44.9,0x0,active
1789863601,2026-09-20 03:20:01,6290,36084,12220,48792,5,44.9,0x0,active
1789863661,2026-09-20 03:21:01,6290,36144,12220,48792,5,44.4,0x0,active
1789863721,2026-09-20 03:22:01,6290,36204,12220,48792,5,44.4,0x0,active
1789863781,2026-09-20 03:23:01,6290,36264,12220,48792,5,44.4,0x0,active
1789863841,2026-09-20 03:24:01,6290,36324,12220,48792,5,44.4,0x0,active
1789863901,2026-09-20 03:25:01,6290,36384,12220,48792,5,44.4,0x0,active
1789863961,2026-09-20 03:26:01,6290,36444,12220,48792,5,44.4,0x0,active
1789864021,2026-09-20 03:27:01,6290,36504,12220,48792,5,44.9,0x0,active
1789864081,2026-09-20 03:28:01,6290,36564,12220,48792,5,44.9,0x0,active
1789864141,2026-09-20 03:29:01,6290,36624,12220,48792,5,44.4,0x0,active
1789864201,2026-09-20 03:30:01,6290,36684,12220,48792,5,44.4,0x0,active
1789864261,2026-09-20 03:31:01,6290,36744,12224,48792,5,44.9,0x0,active
1789864321,2026-09-20 03:32:01,6290,36804,12224,48792,5,44.4,0x0,active
1789864381,2026-09-20 03:33:01,6290,36864,12224,48792,5,44.4,0x0,active
1789864441,2026-09-20 03:34:01,6290,36924,12232,48792,5,44.4,0x0,active
1789864501,2026-09-20 03:35:01,6290,36984,12232,48792,5,44.4,0x0,active
1789864561,2026-09-20 03:36:01,6290,37044,12232,48792,5,44.4,0x0,active
1789864621,2026-09-20 03:37:01,6290,37104,12232,48792,5,44.9,0x0,active
1789864681,2026-09-20 03:38:01,6290,37164,12232,48792,5,44.4,0x0,active
1789864741,2026-09-20 03:39:01,6290,37224,12232,48792,5,44.9,0x0,active
1789864801,2026-09-20 03:40:01,6290,37284,12232,48792,5,44.4,0x0,active
1789864861,2026-09-20 03:41:01,6290,37344,12232,48792,5,44.4,0x0,active
1789864921,2026-09-20 03:42:01,6290,37404,12232,48792,5,44.4,0x0,active
1789864981,2026-09-20 03:43:01,6290,37464,12232,48792,5,44.4,0x0,active
1789865041,2026-09-20 03:44:01,6290,37524,12232,48792,5,44.4,0x0,active
1789865101,2026-09-20 03:45:01,6290,37584,12232,48792,5,44.4,0x0,active
1789865161,2026-09-20 03:46:01,6290,37644,12232,48792,5,44.4,0x0,active
1789865221,2026-09-20 03:47:01,6290,37704,12232,48792,5,44.4,0x0,active
1789865281,2026-09-20 03:48:01,6290,37764,12232,48792,5,44.9,0x0,active
1789865341,2026-09-20 03:49:01,6290,37824,12232,48792,5,44.9,0x0,active
1789865401,2026-09-20 03:50:01,6290,37884,12232,48792,5,44.4,0x0,active
1789865461,2026-09-20 03:51:01,6290,37944,12232,48792,5,44.4,0x0,active
1789865521,2026-09-20 03:52:01,6290,38004,12236,48792,5,44.4,0x0,active
1789865581,2026-09-20 03:53:01,6290,38064,12240,48792,5,44.4,0x0,active
1789865641,2026-09-20 03:54:01,6290,38124,12240,48792,5,44.4,0x0,active
1789865701,2026-09-20 03:55:01,6290,38184,12240,48792,5,44.9,0x0,active
1789865761,2026-09-20 03:56:01,6290,38244,12240,48792,5,44.9,0x0,active
1789865821,2026-09-20 03:57:01,6290,38304,12240,48792,5,44.4,0x0,active
1789865881,2026-09-20 03:58:01,6290,38364,12240,48792,5,44.4,0x0,active
1789865941,2026-09-20 03:59:01,6290,38424,12240,48792,5,44.4,0x0,active
1789866001,2026-09-20 04:00:01,6290,38484,12240,48792,5,44.4,0x0,active
1789866061,2026-09-20 04:01:01,6290,38544,12240,48792,5,44.9,0x0,active
1789866121,2026-09-20 04:02:01,6290,38604,12240,48792,5,44.4,0x0,active
1789866181,2026-09-20 04:03:01,6290,38664,12240,48792,5,44.9,0x0,active
1789866241,2026-09-20 04:04:01,6290,38724,12240,48792,5,44.4,0x0,active
1789866301,2026-09-20 04:05:01,6290,38784,12240,48792,5,44.4,0x0,active
1789866361,2026-09-20 04:06:01,6290,38844,12244,48792,5,44.4,0x0,active
1789866421,2026-09-20 04:07:01,6290,38904,12244,48792,5,44.4,0x0,active
1789866481,2026-09-20 04:08:01,6290,38964,12244,48792,5,44.4,0x0,active
1789866541,2026-09-20 04:09:01,6290,39024,12244,48792,5,44.4,0x0,active
1789866601,2026-09-20 04:10:01,6290,39084,12244,48792,5,44.4,0x0,active
1789866661,2026-09-20 04:11:01,6290,39144,12244,48792,5,44.4,0x0,active
1789866721,2026-09-20 04:12:01,6290,39204,12244,48792,5,44.4,0x0,active
1789866781,2026-09-20 04:13:01,6290,39264,12244,48792,5,44.4,0x0,active
1789866841,2026-09-20 04:14:01,6290,39324,12244,48792,5,44.9,0x0,active
1789866901,2026-09-20 04:15:01,6290,39384,12244,48792,5,44.4,0x0,active
1789866961,2026-09-20 04:16:01,6290,39444,12244,48792,5,44.4,0x0,active
1789867021,2026-09-20 04:17:01,6290,39504,12244,48792,5,44.4,0x0,active
1789867081,2026-09-20 04:18:01,6290,39564,12248,48792,5,44.4,0x0,active
1789867141,2026-09-20 04:19:01,6290,39624,12248,48792,5,44.4,0x0,active
1789867201,2026-09-20 04:20:01,6290,39684,12248,48792,5,44.4,0x0,active
1789867261,2026-09-20 04:21:01,6290,39744,12248,48792,5,44.4,0x0,active
1789867321,2026-09-20 04:22:01,6290,39804,12248,48792,5,44.4,0x0,active
1789867381,2026-09-20 04:23:01,6290,39864,12248,48792,5,44.4,0x0,active
1789867441,2026-09-20 04:24:01,6290,39924,12248,48792,5,44.4,0x0,active
1789867501,2026-09-20 04:25:01,6290,39984,12248,48792,5,44.4,0x0,active
1789867561,2026-09-20 04:26:01,6290,40044,12248,48792,5,44.4,0x0,active
1789867621,2026-09-20 04:27:01,6290,40104,12248,48792,5,44.4,0x0,active
1789867681,2026-09-20 04:28:01,6290,40164,12252,48792,5,44.4,0x0,active
1789867741,2026-09-20 04:29:01,6290,40224,12252,48792,5,44.9,0x0,active
1789867801,2026-09-20 04:30:01,6290,40284,12252,48792,5,44.4,0x0,active
1789867861,2026-09-20 04:31:01,6290,40344,12260,48792,5,44.4,0x0,active
1789867921,2026-09-20 04:32:01,6290,40404,12260,48792,5,44.4,0x0,active
1789867981,2026-09-20 04:33:01,6290,40464,12260,48792,5,44.4,0x0,active
1789868041,2026-09-20 04:34:01,6290,40524,12264,48792,5,44.4,0x0,active
1789868101,2026-09-20 04:35:01,6290,40584,12264,48792,5,44.4,0x0,active
1789868161,2026-09-20 04:36:01,6290,40644,12264,48792,5,44.4,0x0,active
1789868221,2026-09-20 04:37:01,6290,40704,12264,48792,5,44.4,0x0,active
1789868281,2026-09-20 04:38:01,6290,40764,12268,48792,5,44.4,0x0,active
1789868341,2026-09-20 04:39:01,6290,40824,12268,48792,5,44.4,0x0,active
1789868401,2026-09-20 04:40:01,6290,40884,12268,48792,5,44.4,0x0,active
1789868461,2026-09-20 04:41:01,6290,40944,12268,48792,5,44.4,0x0,active
1789868521,2026-09-20 04:42:01,6290,41004,12284,48792,5,44.4,0x0,active
1789868581,2026-09-20 04:43:01,6290,41064,12288,48792,5,44.4,0x0,active
1789868641,2026-09-20 04:44:01,6290,41124,12288,48792,5,44.4,0x0,active
1789868701,2026-09-20 04:45:01,6290,41184,12288,48792,5,44.4,0x0,active
1789868761,2026-09-20 04:46:01,6290,41244,12288,48792,5,44.4,0x0,active
1789868821,2026-09-20 04:47:01,6290,41304,12288,48792,5,44.4,0x0,active
1789868881,2026-09-20 04:48:01,6290,41364,12288,48792,5,44.9,0x0,active
1789868941,2026-09-20 04:49:01,6290,41424,12288,48792,5,44.4,0x0,active
1789869001,2026-09-20 04:50:01,6290,41484,12288,48792,5,44.4,0x0,active
1789869061,2026-09-20 04:51:01,6290,41544,12288,48792,5,44.4,0x0,active
1789869121,2026-09-20 04:52:01,6290,41604,12288,48792,5,44.4,0x0,active
1789869181,2026-09-20 04:53:01,6290,41664,12288,48792,5,44.4,0x0,active
1789869241,2026-09-20 04:54:01,6290,41724,12288,48792,5,44.4,0x0,active
1789869301,2026-09-20 04:55:01,6290,41784,12288,48792,5,44.4,0x0,active
1789869361,2026-09-20 04:56:01,6290,41844,12288,48792,5,44.4,0x0,active
1789869421,2026-09-20 04:57:01,6290,41904,12288,48792,5,44.4,0x0,active
1789869481,2026-09-20 04:58:01,6290,41964,12288,48792,5,44.4,0x0,active
1789869541,2026-09-20 04:59:01,6290,42024,12288,48792,5,44.4,0x0,active
1789869601,2026-09-20 05:00:01,6290,42084,12292,48792,5,44.4,0x0,active
1789869661,2026-09-20 05:01:01,6290,42144,12292,48792,5,44.4,0x0,active
1789869721,2026-09-20 05:02:01,6290,42204,12292,48792,5,44.4,0x0,active
1789869781,2026-09-20 05:03:01,6290,42264,12292,48792,5,44.4,0x0,active
1789869841,2026-09-20 05:04:01,6290,42324,12292,48792,5,44.4,0x0,active
1789869901,2026-09-20 05:05:01,6290,42384,12292,48792,5,44.4,0x0,active
1789869961,2026-09-20 05:06:01,6290,42444,12292,48792,5,44.4,0x0,active
1789870021,2026-09-20 05:07:01,6290,42504,12296,48792,5,44.4,0x0,active
1789870081,2026-09-20 05:08:01,6290,42564,12296,48792,5,44.4,0x0,active
1789870141,2026-09-20 05:09:01,6290,42624,12296,48792,5,44.4,0x0,active
1789870201,2026-09-20 05:10:01,6290,42684,12296,48792,5,44.4,0x0,active
1789870261,2026-09-20 05:11:01,6290,42744,12296,48792,5,44.4,0x0,active
1789870321,2026-09-20 05:12:01,6290,42804,12296,48792,5,44.4,0x0,active
1789870381,2026-09-20 05:13:01,6290,42864,12296,48792,5,44.4,0x0,active
1789870441,2026-09-20 05:14:01,6290,42924,12296,48792,5,44.4,0x0,active
1789870501,2026-09-20 05:15:01,6290,42984,12296,48792,5,44.4,0x0,active
1789870561,2026-09-20 05:16:01,6290,43044,12296,48792,5,44.4,0x0,active
1789870621,2026-09-20 05:17:01,6290,43104,12296,48792,5,44.4,0x0,active
1789870681,2026-09-20 05:18:01,6290,43164,12296,48792,5,44.4,0x0,active
1789870741,2026-09-20 05:19:01,6290,43224,12296,48792,5,44.4,0x0,active
1789870801,2026-09-20 05:20:01,6290,43284,12296,48792,5,44.4,0x0,active
1789870861,2026-09-20 05:21:01,6290,43344,12296,48792,5,44.4,0x0,active
1789870921,2026-09-20 05:22:01,6290,43404,12296,48792,5,44.4,0x0,active
1789870981,2026-09-20 05:23:01,6290,43464,12296,48792,5,44.9,0x0,active
1789871041,2026-09-20 05:24:01,6290,43524,12296,48792,5,44.4,0x0,active
1789871101,2026-09-20 05:25:01,6290,43584,12296,48792,5,44.4,0x0,active
1789871161,2026-09-20 05:26:01,6290,43644,12296,48792,5,44.4,0x0,active
1789871221,2026-09-20 05:27:01,6290,43704,12312,48792,5,44.4,0x0,active
1789871281,2026-09-20 05:28:01,6290,43764,12312,48792,5,44.4,0x0,active
1789871341,2026-09-20 05:29:01,6290,43824,12312,48792,5,44.4,0x0,active
1789871401,2026-09-20 05:30:01,6290,43884,12312,48792,5,44.4,0x0,active
1789871461,2026-09-20 05:31:01,6290,43944,12312,48792,5,44.4,0x0,active
1789871521,2026-09-20 05:32:01,6290,44004,12312,48792,5,44.9,0x0,active
1789871581,2026-09-20 05:33:01,6290,44064,12316,48792,5,44.4,0x0,active
1789871641,2026-09-20 05:34:01,6290,44124,12320,48792,5,44.4,0x0,active
1789871701,2026-09-20 05:35:01,6290,44184,12320,48792,5,44.4,0x0,active
1789871761,2026-09-20 05:36:01,6290,44244,12320,48792,5,44.4,0x0,active
1789871821,2026-09-20 05:37:01,6290,44304,12320,48792,5,44.4,0x0,active
1789871881,2026-09-20 05:38:01,6290,44364,12320,48792,5,43.9,0x0,active
1789871941,2026-09-20 05:39:01,6290,44424,12320,48792,5,44.4,0x0,active
1789872001,2026-09-20 05:40:01,6290,44484,12320,48792,5,44.4,0x0,active
1789872061,2026-09-20 05:41:01,6290,44544,12320,48792,5,44.9,0x0,active
1789872121,2026-09-20 05:42:01,6290,44604,12320,48792,5,44.4,0x0,active
1789872181,2026-09-20 05:43:01,6290,44664,12320,48792,5,44.4,0x0,active
1789872241,2026-09-20 05:44:01,6290,44724,12320,48792,5,44.4,0x0,active
1789872301,2026-09-20 05:45:01,6290,44784,12320,48792,5,44.4,0x0,active
1789872361,2026-09-20 05:46:01,6290,44844,12320,48792,5,44.4,0x0,active
1789872421,2026-09-20 05:47:01,6290,44904,12320,48792,5,44.4,0x0,active
1789872481,2026-09-20 05:48:01,6290,44964,12320,48792,5,44.4,0x0,active
1789872541,2026-09-20 05:49:01,6290,45024,12320,48792,5,44.4,0x0,active
1789872601,2026-09-20 05:50:01,6290,45084,12320,48792,5,44.4,0x0,active
1789872661,2026-09-20 05:51:01,6290,45144,12320,48792,5,44.4,0x0,active
1789872721,2026-09-20 05:52:01,6290,45204,12320,48792,5,44.4,0x0,active
1789872781,2026-09-20 05:53:01,6290,45264,12320,48792,5,44.4,0x0,active
1789872841,2026-09-20 05:54:01,6290,45324,12320,48792,5,44.4,0x0,active
1789872901,2026-09-20 05:55:01,6290,45384,12320,48792,5,44.4,0x0,active
1789872961,2026-09-20 05:56:01,6290,45444,12320,48792,5,44.4,0x0,active
1789873021,2026-09-20 05:57:01,6290,45504,12320,48792,5,44.4,0x0,active
1789873081,2026-09-20 05:58:01,6290,45564,12320,48792,5,44.4,0x0,active
1789873141,2026-09-20 05:59:01,6290,45624,12320,48792,5,43.3,0x0,active
1789873201,2026-09-20 06:00:01,6290,45684,12320,48792,5,44.9,0x0,active
1789873261,2026-09-20 06:01:01,6290,45744,12320,48792,5,44.4,0x0,active
1789873321,2026-09-20 06:02:01,6290,45804,12320,48792,5,44.4,0x0,active
1789873381,2026-09-20 06:03:01,6290,45864,12320,48792,5,44.4,0x0,active
1789873441,2026-09-20 06:04:01,6290,45924,12320,48792,5,44.4,0x0,active
1789873501,2026-09-20 06:05:01,6290,45984,12320,48792,5,44.9,0x0,active
1789873561,2026-09-20 06:06:01,6290,46044,12324,48792,5,44.4,0x0,active
1789873621,2026-09-20 06:07:01,6290,46104,12324,48792,5,44.9,0x0,active
1789873681,2026-09-20 06:08:01,6290,46164,12324,48792,5,44.4,0x0,active
1789873741,2026-09-20 06:09:01,6290,46224,12324,48792,5,44.4,0x0,active
1789873801,2026-09-20 06:10:01,6290,46284,12324,48792,5,44.4,0x0,active
1789873861,2026-09-20 06:11:01,6290,46344,12324,48792,5,43.9,0x0,active
1789873921,2026-09-20 06:12:01,6290,46404,12328,48792,5,44.4,0x0,active
1789873981,2026-09-20 06:13:01,6290,46464,12328,48792,5,44.4,0x0,active
1789874041,2026-09-20 06:14:01,6290,46524,12328,48792,5,44.4,0x0,active
1789874101,2026-09-20 06:15:01,6290,46584,12328,48792,5,44.4,0x0,active
1789874161,2026-09-20 06:16:01,6290,46644,12332,48792,5,44.4,0x0,active
1789874221,2026-09-20 06:17:01,6290,46704,12332,48792,5,44.4,0x0,active
1789874281,2026-09-20 06:18:01,6290,46764,12332,48792,5,44.4,0x0,active
1789874341,2026-09-20 06:19:01,6290,46824,12332,48792,5,44.4,0x0,active
1789874401,2026-09-20 06:20:01,6290,46884,12332,48792,5,44.4,0x0,active
1789874461,2026-09-20 06:21:01,6290,46944,12332,48792,5,44.4,0x0,active
1789874521,2026-09-20 06:22:01,6290,47004,12332,48792,5,44.4,0x0,active
1789874581,2026-09-20 06:23:01,6290,47064,12332,48792,5,44.4,0x0,active
1789874641,2026-09-20 06:24:01,6290,47124,12332,48792,5,44.4,0x0,active
1789874701,2026-09-20 06:25:01,6290,47184,12332,48792,5,44.4,0x0,active
1789874761,2026-09-20 06:26:01,6290,47244,12332,48792,5,43.9,0x0,active
1789874821,2026-09-20 06:27:01,6290,47304,12340,48792,5,44.4,0x0,active
1789874881,2026-09-20 06:28:01,6290,47364,12340,48792,5,44.4,0x0,active
1789874941,2026-09-20 06:29:01,6290,47424,12340,48792,5,44.4,0x0,active
1789875001,2026-09-20 06:30:01,6290,47484,12340,48792,5,44.4,0x0,active
1789875061,2026-09-20 06:31:01,6290,47544,12340,48792,5,44.4,0x0,active
1789875121,2026-09-20 06:32:01,6290,47604,12340,48792,5,44.4,0x0,active
1789875181,2026-09-20 06:33:01,6290,47664,12340,48792,5,44.4,0x0,active
1789875241,2026-09-20 06:34:01,6290,47724,12340,48792,5,44.4,0x0,active
1789875301,2026-09-20 06:35:01,6290,47784,12340,48792,5,44.4,0x0,active
1789875361,2026-09-20 06:36:01,6290,47844,12340,48792,5,44.4,0x0,active
1789875421,2026-09-20 06:37:01,6290,47904,12340,48792,5,43.3,0x0,active
1789875481,2026-09-20 06:38:01,6290,47964,12340,48792,5,43.9,0x0,active
1789875541,2026-09-20 06:39:01,6290,48024,12340,48792,5,44.4,0x0,active
1789875601,2026-09-20 06:40:01,6290,48084,12340,48792,5,44.4,0x0,active
1789875661,2026-09-20 06:41:01,6290,48144,12340,48792,5,44.4,0x0,active
1789875721,2026-09-20 06:42:01,6290,48204,12340,48792,5,43.9,0x0,active
1789875781,2026-09-20 06:43:01,6290,48264,12340,48792,5,44.4,0x0,active
1789875841,2026-09-20 06:44:01,6290,48324,12340,48792,5,44.4,0x0,active
1789875901,2026-09-20 06:45:01,6290,48384,12340,48792,5,44.4,0x0,active
1789875961,2026-09-20 06:46:01,6290,48444,12340,48792,5,44.4,0x0,active
1789876021,2026-09-20 06:47:01,6290,48504,12340,48792,5,43.3,0x0,active
1789876081,2026-09-20 06:48:01,6290,48564,12340,48792,5,44.4,0x0,active
1789876141,2026-09-20 06:49:01,6290,48624,12340,48792,5,44.4,0x0,active
1789876201,2026-09-20 06:50:01,6290,48684,12340,48792,5,44.4,0x0,active
1789876261,2026-09-20 06:51:01,6290,48744,12340,48792,5,44.4,0x0,active
1789876321,2026-09-20 06:52:01,6290,48804,12340,48792,5,43.3,0x0,active
1789876381,2026-09-20 06:53:01,6290,48864,12340,48792,5,43.3,0x0,active
1789876441,2026-09-20 06:54:01,6290,48924,12340,48792,5,43.9,0x0,active
1789876501,2026-09-20 06:55:01,6290,48984,12340,48792,5,43.3,0x0,active
1789876561,2026-09-20 06:56:01,6290,49044,12340,48792,5,44.4,0x0,active
1789876621,2026-09-20 06:57:01,6290,49104,12340,48792,5,44.4,0x0,active
1789876681,2026-09-20 06:58:01,6290,49164,12340,48792,5,44.4,0x0,active
1789876741,2026-09-20 06:59:01,6290,49224,12340,48792,5,43.9,0x0,active
1789876801,2026-09-20 07:00:01,6290,49284,12340,48792,5,43.9,0x0,active
1789876861,2026-09-20 07:01:01,6290,49344,12340,48792,5,44.4,0x0,active
1789876921,2026-09-20 07:02:01,6290,49404,12340,48792,5,44.4,0x0,active
1789876981,2026-09-20 07:03:01,6290,49464,12344,48792,5,43.3,0x0,active
1789877041,2026-09-20 07:04:01,6290,49524,12344,48792,5,44.4,0x0,active
1789877101,2026-09-20 07:05:01,6290,49584,12344,48792,5,44.4,0x0,active
1789877161,2026-09-20 07:06:01,6290,49644,12344,48792,5,44.4,0x0,active
1789877221,2026-09-20 07:07:01,6290,49704,12348,48792,5,44.4,0x0,active
1789877281,2026-09-20 07:08:01,6290,49764,12348,48792,5,44.4,0x0,active
1789877341,2026-09-20 07:09:01,6290,49824,12348,48792,5,43.3,0x0,active
1789877401,2026-09-20 07:10:01,6290,49884,12348,48792,5,43.9,0x0,active
1789877461,2026-09-20 07:11:01,6290,49944,12348,48792,5,44.4,0x0,active
1789877521,2026-09-20 07:12:01,6290,50004,12348,48792,5,44.4,0x0,active
1789877581,2026-09-20 07:13:01,6290,50064,12348,48792,5,44.4,0x0,active
1789877641,2026-09-20 07:14:01,6290,50124,12348,48792,5,44.4,0x0,active
1789877701,2026-09-20 07:15:01,6290,50184,12348,48792,5,44.4,0x0,active
1789877761,2026-09-20 07:16:01,6290,50244,12348,48792,5,43.3,0x0,active
1789877821,2026-09-20 07:17:01,6290,50304,12348,48792,5,44.4,0x0,active
1789877881,2026-09-20 07:18:01,6290,50364,12348,48792,5,44.4,0x0,active
1789877941,2026-09-20 07:19:01,6290,50424,12348,48792,5,44.4,0x0,active
1789878001,2026-09-20 07:20:01,6290,50484,12348,48792,5,43.9,0x0,active
1789878061,2026-09-20 07:21:01,6290,50544,12352,48792,5,43.9,0x0,active
1789878121,2026-09-20 07:22:01,6290,50604,12352,48792,5,43.3,0x0,active
1789878181,2026-09-20 07:23:01,6290,50664,12352,48792,5,44.4,0x0,active
1789878241,2026-09-20 07:24:01,6290,50724,12352,48792,5,44.4,0x0,active
1789878301,2026-09-20 07:25:01,6290,50784,12352,48792,5,44.4,0x0,active
1789878361,2026-09-20 07:26:01,6290,50844,12352,48792,5,44.4,0x0,active
1789878421,2026-09-20 07:27:01,6290,50904,12352,48792,5,44.4,0x0,active
1789878481,2026-09-20 07:28:01,6290,50964,12352,48792,5,44.4,0x0,active
1789878541,2026-09-20 07:29:01,6290,51024,12356,48792,5,43.9,0x0,active
1789878601,2026-09-20 07:30:01,6290,51084,12356,48792,5,44.4,0x0,active
1789878661,2026-09-20 07:31:01,6290,51144,12356,48792,5,44.4,0x0,active
1789878721,2026-09-20 07:32:01,6290,51204,12356,48792,5,44.4,0x0,active
1789878781,2026-09-20 07:33:01,6290,51264,12356,48792,5,44.4,0x0,active
1789878841,2026-09-20 07:34:01,6290,51324,12356,48792,5,43.9,0x0,active
1789878901,2026-09-20 07:35:01,6290,51384,12356,48792,5,44.4,0x0,active
1789878961,2026-09-20 07:36:01,6290,51444,12356,48792,5,43.3,0x0,active
1789879021,2026-09-20 07:37:01,6290,51504,12356,48792,5,44.4,0x0,active
1789879081,2026-09-20 07:38:01,6290,51564,12356,48792,5,43.9,0x0,active
1789879141,2026-09-20 07:39:01,6290,51624,12356,48792,5,43.3,0x0,active
1789879201,2026-09-20 07:40:01,6290,51684,12356,48792,5,43.9,0x0,active
1789879261,2026-09-20 07:41:01,6290,51744,12356,48792,5,44.4,0x0,active
1789879321,2026-09-20 07:42:01,6290,51804,12356,48792,5,43.9,0x0,active
1789879381,2026-09-20 07:43:01,6290,51864,12356,48792,5,43.3,0x0,active
1789879441,2026-09-20 07:44:01,6290,51924,12356,48792,5,43.9,0x0,active
1789879501,2026-09-20 07:45:01,6290,51984,12356,48792,5,44.4,0x0,active
1789879561,2026-09-20 07:46:01,6290,52044,12356,48792,5,44.4,0x0,active
1789879621,2026-09-20 07:47:01,6290,52104,12356,48792,5,43.3,0x0,active
1789879681,2026-09-20 07:48:01,6290,52164,12356,48792,5,43.9,0x0,active
1789879741,2026-09-20 07:49:01,6290,52224,12356,48792,5,44.4,0x0,active
1789879801,2026-09-20 07:50:01,6290,52284,12356,48792,5,44.4,0x0,active
1789879861,2026-09-20 07:51:01,6290,52344,12356,48792,5,43.9,0x0,active
1789879921,2026-09-20 07:52:01,6290,52404,12356,48792,5,43.9,0x0,active
1789879981,2026-09-20 07:53:01,6290,52464,12356,48792,5,44.4,0x0,active
1789880041,2026-09-20 07:54:01,6290,52524,12356,48792,5,43.9,0x0,active
1789880101,2026-09-20 07:55:01,6290,52584,12356,48792,5,44.4,0x0,active
1789880161,2026-09-20 07:56:01,6290,52644,12356,48792,5,43.9,0x0,active
1789880221,2026-09-20 07:57:01,6290,52704,12356,48792,5,43.3,0x0,active
1789880281,2026-09-20 07:58:01,6290,52764,12356,48792,5,43.9,0x0,active
1789880341,2026-09-20 07:59:01,6290,52824,12356,48792,5,44.4,0x0,active
1789880401,2026-09-20 08:00:01,6290,52884,12356,48792,5,43.9,0x0,active
1789880461,2026-09-20 08:01:01,6290,52944,12356,48792,5,44.4,0x0,active
1789880521,2026-09-20 08:02:01,6290,53004,12360,48792,5,43.3,0x0,active
1789880581,2026-09-20 08:03:01,6290,53064,12360,48792,5,44.4,0x0,active
1789880641,2026-09-20 08:04:01,6290,53124,12360,48792,5,43.3,0x0,active
1789880701,2026-09-20 08:05:01,6290,53184,12360,48792,5,44.4,0x0,active
1789880761,2026-09-20 08:06:01,6290,53244,12360,48792,5,44.4,0x0,active
1789880821,2026-09-20 08:07:01,6290,53304,12360,48792,5,44.4,0x0,active
1789880881,2026-09-20 08:08:01,6290,53364,12360,48792,5,43.9,0x0,active
1789880941,2026-09-20 08:09:01,6290,53424,12360,48792,5,44.4,0x0,active
1789881001,2026-09-20 08:10:01,6290,53484,12360,48792,5,44.4,0x0,active
1789881061,2026-09-20 08:11:01,6290,53544,12364,48792,5,43.9,0x0,active
1789881121,2026-09-20 08:12:01,6290,53604,12364,48792,5,43.3,0x0,active
1789881181,2026-09-20 08:13:01,6290,53664,12364,48792,5,43.9,0x0,active
1789881241,2026-09-20 08:14:01,6290,53724,12364,48792,5,44.4,0x0,active
1789881301,2026-09-20 08:15:01,6290,53784,12364,48792,5,44.4,0x0,active
1789881361,2026-09-20 08:16:01,6290,53844,12364,48792,5,43.9,0x0,active
1789881421,2026-09-20 08:17:01,6290,53904,12364,48792,5,44.4,0x0,active
1789881481,2026-09-20 08:18:01,6290,53964,12364,48792,5,44.4,0x0,active
1789881541,2026-09-20 08:19:01,6290,54024,12364,48792,5,43.3,0x0,active
1789881601,2026-09-20 08:20:01,6290,54084,12364,48792,5,44.4,0x0,active
1789881661,2026-09-20 08:21:01,6290,54144,12364,48792,5,43.3,0x0,active
1789881721,2026-09-20 08:22:01,6290,54204,12364,48792,5,43.3,0x0,active
1789881781,2026-09-20 08:23:01,6290,54264,12364,48792,5,43.3,0x0,active
1789881841,2026-09-20 08:24:01,6290,54324,12364,48792,5,44.4,0x0,active
1789881901,2026-09-20 08:25:01,6290,54384,12364,48792,5,43.3,0x0,active
1789881961,2026-09-20 08:26:01,6290,54444,12364,48792,5,44.4,0x0,active
1789882021,2026-09-20 08:27:01,6290,54504,12364,48792,5,44.4,0x0,active
1789882081,2026-09-20 08:28:01,6290,54564,12364,48792,5,44.4,0x0,active
1789882141,2026-09-20 08:29:01,6290,54624,12364,48792,5,44.4,0x0,active
1789882201,2026-09-20 08:30:01,6290,54684,12364,48792,5,43.9,0x0,active
1789882261,2026-09-20 08:31:01,6290,54744,12364,48792,5,44.4,0x0,active
1789882321,2026-09-20 08:32:01,6290,54804,12364,48792,5,43.9,0x0,active
1789882381,2026-09-20 08:33:01,6290,54864,12364,48792,5,44.4,0x0,active
1789882441,2026-09-20 08:34:01,6290,54924,12364,48792,5,43.9,0x0,active
1789882501,2026-09-20 08:35:01,6290,54984,12364,48792,5,44.4,0x0,active
1789882561,2026-09-20 08:36:01,6290,55044,12364,48792,5,43.3,0x0,active
1789882621,2026-09-20 08:37:01,6290,55104,12364,48792,5,44.4,0x0,active
1789882681,2026-09-20 08:38:01,6290,55164,12368,48792,5,43.9,0x0,active
1789882741,2026-09-20 08:39:01,6290,55224,12368,48792,5,43.9,0x0,active
1789882801,2026-09-20 08:40:01,6290,55284,12368,48792,5,43.9,0x0,active
1789882861,2026-09-20 08:41:01,6290,55344,12368,48792,5,43.9,0x0,active
1789882921,2026-09-20 08:42:01,6290,55404,12368,48792,5,44.4,0x0,active
1789882981,2026-09-20 08:43:01,6290,55464,12372,48792,5,44.4,0x0,active
1789883041,2026-09-20 08:44:01,6290,55524,12372,48792,5,43.3,0x0,active
1789883101,2026-09-20 08:45:01,6290,55584,12372,48792,5,43.9,0x0,active
1789883161,2026-09-20 08:46:01,6290,55644,12372,48792,5,44.4,0x0,active
1789883221,2026-09-20 08:47:01,6290,55704,12372,48792,5,44.4,0x0,active
1789883281,2026-09-20 08:48:01,6290,55764,12372,48792,5,44.4,0x0,active
1789883341,2026-09-20 08:49:01,6290,55824,12372,48792,5,43.9,0x0,active
1789883401,2026-09-20 08:50:01,6290,55884,12372,48792,5,43.3,0x0,active
1789883461,2026-09-20 08:51:01,6290,55944,12372,48792,5,43.9,0x0,active
1789883521,2026-09-20 08:52:01,6290,56004,12372,48792,5,43.9,0x0,active
1789883581,2026-09-20 08:53:01,6290,56064,12372,48792,5,43.3,0x0,active
1789883641,2026-09-20 08:54:01,6290,56124,12376,48792,5,44.4,0x0,active
1789883701,2026-09-20 08:55:01,6290,56184,12376,48792,5,43.9,0x0,active
1789883761,2026-09-20 08:56:01,6290,56244,12376,48792,5,44.4,0x0,active
1789883821,2026-09-20 08:57:01,6290,56304,12376,48792,5,43.3,0x0,active
1789883881,2026-09-20 08:58:01,6290,56364,12376,48792,5,44.4,0x0,active
1789883941,2026-09-20 08:59:01,6290,56424,12376,48792,5,44.4,0x0,active
1789884001,2026-09-20 09:00:01,6290,56484,12376,48792,5,43.3,0x0,active
1789884061,2026-09-20 09:01:01,6290,56544,12376,48792,5,44.4,0x0,active
1789884121,2026-09-20 09:02:01,6290,56604,12376,48792,5,44.4,0x0,active
1789884181,2026-09-20 09:03:01,6290,56664,12376,48792,5,44.4,0x0,active
1789884241,2026-09-20 09:04:01,6290,56724,12376,48792,5,44.4,0x0,active
1789884301,2026-09-20 09:05:01,6290,56784,12376,48792,5,44.4,0x0,active
1789884361,2026-09-20 09:06:01,6290,56844,12376,48792,5,43.9,0x0,active
1789884421,2026-09-20 09:07:01,6290,56904,12380,48792,5,43.9,0x0,active
1789884481,2026-09-20 09:08:01,6290,56964,12380,48792,5,44.4,0x0,active
1789884541,2026-09-20 09:09:01,6290,57024,12380,48792,5,43.3,0x0,active
1789884601,2026-09-20 09:10:01,6290,57084,12380,48792,5,43.3,0x0,active
1789884661,2026-09-20 09:11:01,6290,57144,12380,48792,5,43.3,0x0,active
1789884721,2026-09-20 09:12:01,6290,57204,12380,48792,5,43.9,0x0,active
1789884781,2026-09-20 09:13:01,6290,57264,12380,48792,5,43.9,0x0,active
1789884841,2026-09-20 09:14:01,6290,57324,12380,48792,5,43.3,0x0,active
1789884901,2026-09-20 09:15:01,6290,57384,12380,48792,5,44.4,0x0,active
1789884961,2026-09-20 09:16:01,6290,57444,12380,48792,5,44.4,0x0,active
1789885021,2026-09-20 09:17:01,6290,57504,12380,48792,5,44.4,0x0,active
1789885081,2026-09-20 09:18:01,6290,57564,12380,48792,5,44.4,0x0,active
1789885141,2026-09-20 09:19:01,6290,57624,12380,48792,5,43.9,0x0,active
1789885201,2026-09-20 09:20:01,6290,57684,12380,48792,5,43.3,0x0,active
1789885261,2026-09-20 09:21:01,6290,57744,12380,48792,5,44.4,0x0,active
1789885321,2026-09-20 09:22:01,6290,57804,12380,48792,5,44.4,0x0,active
1789885381,2026-09-20 09:23:01,6290,57864,12380,48792,5,43.9,0x0,active
1789885441,2026-09-20 09:24:01,6290,57924,12380,48792,5,43.3,0x0,active
1789885501,2026-09-20 09:25:01,6290,57984,12380,48792,5,43.9,0x0,active
1789885561,2026-09-20 09:26:01,6290,58044,12380,48792,5,44.4,0x0,active
1789885621,2026-09-20 09:27:01,6290,58104,12380,48792,5,44.4,0x0,active
1789885681,2026-09-20 09:28:01,6290,58164,12380,48792,5,44.4,0x0,active
1789885741,2026-09-20 09:29:01,6290,58224,12380,48792,5,43.9,0x0,active
1789885801,2026-09-20 09:30:01,6290,58284,12380,48792,5,43.9,0x0,active
1789885861,2026-09-20 09:31:01,6290,58344,12380,48792,5,44.4,0x0,active
1789885921,2026-09-20 09:32:01,6290,58404,12380,48792,5,43.3,0x0,active
1789885981,2026-09-20 09:33:01,6290,58464,12380,48792,5,44.4,0x0,active
1789886041,2026-09-20 09:34:01,6290,58524,12384,48792,5,43.9,0x0,active
1789886101,2026-09-20 09:35:01,6290,58584,12384,48792,5,44.4,0x0,active
1789886161,2026-09-20 09:36:01,6290,58644,12384,48792,5,44.4,0x0,active
1789886221,2026-09-20 09:37:01,6290,58704,12384,48792,5,44.4,0x0,active
1789886281,2026-09-20 09:38:01,6290,58764,12384,48792,5,43.9,0x0,active
1789886341,2026-09-20 09:39:01,6290,58824,12384,48792,5,44.4,0x0,active
1789886401,2026-09-20 09:40:01,6290,58884,12384,48792,5,43.9,0x0,active
1789886461,2026-09-20 09:41:01,6290,58944,12384,48792,5,43.3,0x0,active
1789886521,2026-09-20 09:42:01,6290,59004,12384,48792,5,43.9,0x0,active
1789886581,2026-09-20 09:43:01,6290,59064,12384,48792,5,43.3,0x0,active
1789886641,2026-09-20 09:44:01,6290,59124,12384,48792,5,44.4,0x0,active
1789886701,2026-09-20 09:45:01,6290,59184,12384,48792,5,44.4,0x0,active
1789886761,2026-09-20 09:46:01,6290,59244,12384,48792,5,44.4,0x0,active
1789886821,2026-09-20 09:47:01,6290,59304,12384,48792,5,43.9,0x0,active
1789886881,2026-09-20 09:48:01,6290,59364,12384,48792,5,44.4,0x0,active
1789886941,2026-09-20 09:49:01,6290,59424,12384,48792,5,44.4,0x0,active
1789887001,2026-09-20 09:50:01,6290,59484,12384,48792,5,43.3,0x0,active
1789887061,2026-09-20 09:51:01,6290,59544,12384,48792,5,44.4,0x0,active
1789887121,2026-09-20 09:52:01,6290,59604,12384,48792,5,43.3,0x0,active
1789887181,2026-09-20 09:53:01,6290,59664,12384,48792,5,44.4,0x0,active
1789887241,2026-09-20 09:54:01,6290,59724,12384,48792,5,43.3,0x0,active
1789887301,2026-09-20 09:55:01,6290,59784,12384,48792,5,44.4,0x0,active
1789887361,2026-09-20 09:56:01,6290,59844,12384,48792,5,43.9,0x0,active
1789887421,2026-09-20 09:57:01,6290,59904,12384,48792,5,43.3,0x0,active
1789887481,2026-09-20 09:58:01,6290,59964,12384,48792,5,43.3,0x0,active
1789887541,2026-09-20 09:59:01,6290,60024,12384,48792,5,44.4,0x0,active
1789887601,2026-09-20 10:00:01,6290,60084,12384,48792,5,44.4,0x0,active
1789887661,2026-09-20 10:01:01,6290,60144,12384,48792,5,44.4,0x0,active
1789887721,2026-09-20 10:02:01,6290,60204,12384,48792,5,44.4,0x0,active
1789887781,2026-09-20 10:03:01,6290,60264,12384,48792,5,44.4,0x0,active
1789887841,2026-09-20 10:04:01,6290,60324,12384,48792,5,44.4,0x0,active
1789887901,2026-09-20 10:05:01,6290,60384,12384,48792,5,44.4,0x0,active
1789887961,2026-09-20 10:06:01,6290,60444,12384,48792,5,43.9,0x0,active
1789888021,2026-09-20 10:07:01,6290,60504,12384,48792,5,43.9,0x0,active
1789888081,2026-09-20 10:08:01,6290,60564,12384,48792,5,44.4,0x0,active
1789888141,2026-09-20 10:09:01,6290,60624,12384,48792,5,43.9,0x0,active
1789888201,2026-09-20 10:10:01,6290,60684,12384,48792,5,43.9,0x0,active
1789888261,2026-09-20 10:11:01,6290,60744,12384,48792,5,43.9,0x0,active
1789888321,2026-09-20 10:12:01,6290,60804,12384,48792,5,44.4,0x0,active
1789888381,2026-09-20 10:13:01,6290,60864,12384,48792,5,44.4,0x0,active
1789888441,2026-09-20 10:14:01,6290,60924,12384,48792,5,44.4,0x0,active
1789888501,2026-09-20 10:15:01,6290,60984,12384,48792,5,44.4,0x0,active
1789888561,2026-09-20 10:16:01,6290,61044,12384,48792,5,43.3,0x0,active
1789888621,2026-09-20 10:17:01,6290,61104,12388,48792,5,44.4,0x0,active
1789888681,2026-09-20 10:18:01,6290,61164,12388,48792,5,44.4,0x0,active
1789888741,2026-09-20 10:19:01,6290,61224,12388,48792,5,43.9,0x0,active
1789888801,2026-09-20 10:20:01,6290,61284,12388,48792,5,43.9,0x0,active
1789888861,2026-09-20 10:21:01,6290,61344,12392,48792,5,44.4,0x0,active
1789888921,2026-09-20 10:22:01,6290,61404,12392,48792,5,44.4,0x0,active
1789888981,2026-09-20 10:23:01,6290,61464,12392,48792,5,44.4,0x0,active
1789889041,2026-09-20 10:24:01,6290,61524,12392,48792,5,43.9,0x0,active
1789889101,2026-09-20 10:25:01,6290,61584,12392,48792,5,43.9,0x0,active
1789889161,2026-09-20 10:26:01,6290,61644,12392,48792,5,43.9,0x0,active
1789889221,2026-09-20 10:27:01,6290,61704,12392,48792,5,44.4,0x0,active
1789889281,2026-09-20 10:28:01,6290,61764,12392,48792,5,44.4,0x0,active
1789889341,2026-09-20 10:29:01,6290,61824,12392,48792,5,44.4,0x0,active
1789889401,2026-09-20 10:30:01,6290,61884,12392,48792,5,44.4,0x0,active
1789889461,2026-09-20 10:31:01,6290,61944,12392,48792,5,44.4,0x0,active
1789889521,2026-09-20 10:32:01,6290,62004,12392,48792,5,43.3,0x0,active
1789889581,2026-09-20 10:33:01,6290,62064,12392,48792,5,44.4,0x0,active
1789889641,2026-09-20 10:34:01,6290,62124,12396,48792,5,44.4,0x0,active
1789889701,2026-09-20 10:35:01,6290,62184,12396,48792,5,44.4,0x0,active
1789889761,2026-09-20 10:36:01,6290,62244,12396,48792,5,44.4,0x0,active
1789889821,2026-09-20 10:37:01,6290,62304,12396,48792,5,44.4,0x0,active
1789889881,2026-09-20 10:38:01,6290,62364,12396,48792,5,43.3,0x0,active
1789889941,2026-09-20 10:39:01,6290,62424,12396,48792,5,44.4,0x0,active
1789890001,2026-09-20 10:40:01,6290,62484,12396,48792,5,44.4,0x0,active
1789890061,2026-09-20 10:41:01,6290,62544,12396,48792,5,44.4,0x0,active
1789890121,2026-09-20 10:42:01,6290,62604,12400,48792,5,44.4,0x0,active
1789890181,2026-09-20 10:43:01,6290,62664,12400,48792,5,43.3,0x0,active
1789890241,2026-09-20 10:44:01,6290,62724,12400,48792,5,43.3,0x0,active
1789890301,2026-09-20 10:45:01,6290,62784,12400,48792,5,44.4,0x0,active
1789890361,2026-09-20 10:46:01,6290,62844,12400,48792,5,44.9,0x0,active
1789890421,2026-09-20 10:47:01,6290,62904,12400,48792,5,44.4,0x0,active
1789890481,2026-09-20 10:48:01,6290,62964,12400,48792,5,44.4,0x0,active
1789890541,2026-09-20 10:49:01,6290,63024,12400,48792,5,43.9,0x0,active
1789890601,2026-09-20 10:50:01,6290,63084,12400,48792,5,43.9,0x0,active
1789890661,2026-09-20 10:51:01,6290,63144,12400,48792,5,44.4,0x0,active
1789890721,2026-09-20 10:52:01,6290,63204,12400,48792,5,44.4,0x0,active
1789890781,2026-09-20 10:53:01,6290,63264,12400,48792,5,44.4,0x0,active
1789890841,2026-09-20 10:54:01,6290,63324,12400,48792,5,43.9,0x0,active
1789890901,2026-09-20 10:55:01,6290,63384,12400,48792,5,44.4,0x0,active
1789890961,2026-09-20 10:56:01,6290,63444,12400,48792,5,44.4,0x0,active
1789891021,2026-09-20 10:57:01,6290,63504,12400,48792,5,44.4,0x0,active
1789891081,2026-09-20 10:58:01,6290,63564,12400,48792,5,44.4,0x0,active
1789891141,2026-09-20 10:59:01,6290,63624,12400,48792,5,44.4,0x0,active
1789891201,2026-09-20 11:00:01,6290,63684,12400,48792,5,44.4,0x0,active
1789891261,2026-09-20 11:01:01,6290,63744,12400,48792,5,44.4,0x0,active
1789891321,2026-09-20 11:02:01,6290,63804,12400,48792,5,44.4,0x0,active
1789891381,2026-09-20 11:03:01,6290,63864,12400,48792,5,44.4,0x0,active
1789891441,2026-09-20 11:04:01,6290,63924,12400,48792,5,44.4,0x0,active
1789891501,2026-09-20 11:05:01,6290,63984,12400,48792,5,44.4,0x0,active
1789891561,2026-09-20 11:06:01,6290,64044,12404,48792,5,44.4,0x0,active
1789891621,2026-09-20 11:07:01,6290,64104,12412,48792,5,43.9,0x0,active
1789891681,2026-09-20 11:08:01,6290,64164,12412,48792,5,44.4,0x0,active
1789891741,2026-09-20 11:09:01,6290,64224,12412,48792,5,43.9,0x0,active
1789891801,2026-09-20 11:10:01,6290,64284,12412,48792,5,44.4,0x0,active
1789891861,2026-09-20 11:11:01,6290,64344,12412,48792,5,44.4,0x0,active
1789891921,2026-09-20 11:12:01,6290,64404,12412,48792,5,44.4,0x0,active
1789891981,2026-09-20 11:13:01,6290,64464,12412,48792,5,43.9,0x0,active
1789892041,2026-09-20 11:14:01,6290,64524,12412,48792,5,44.4,0x0,active
1789892101,2026-09-20 11:15:01,6290,64584,12412,48792,5,44.4,0x0,active
1789892161,2026-09-20 11:16:01,6290,64644,12412,48792,5,44.4,0x0,active
1789892221,2026-09-20 11:17:01,6290,64704,12412,48792,5,44.4,0x0,active
1789892281,2026-09-20 11:18:01,6290,64764,12412,48792,5,44.4,0x0,active
1789892341,2026-09-20 11:19:01,6290,64824,12412,48792,5,44.4,0x0,active
1789892401,2026-09-20 11:20:01,6290,64884,12412,48792,5,44.4,0x0,active
1789892461,2026-09-20 11:21:01,6290,64944,12412,48792,5,44.4,0x0,active
1789892521,2026-09-20 11:22:01,6290,65004,12412,48792,5,44.4,0x0,active
1789892581,2026-09-20 11:23:01,6290,65064,12412,48792,5,43.9,0x0,active
1789892641,2026-09-20 11:24:01,6290,65124,12412,48792,5,44.4,0x0,active
1789892701,2026-09-20 11:25:01,6290,65184,12416,48792,5,43.9,0x0,active
1789892761,2026-09-20 11:26:01,6290,65244,12416,48792,5,44.4,0x0,active
1789892821,2026-09-20 11:27:01,6290,65304,12416,48792,5,44.4,0x0,active
1789892881,2026-09-20 11:28:01,6290,65364,12416,48792,5,44.4,0x0,active
1789892941,2026-09-20 11:29:01,6290,65424,12416,48792,5,44.4,0x0,active
1789893001,2026-09-20 11:30:01,6290,65484,12416,48792,5,44.4,0x0,active
1789893061,2026-09-20 11:31:01,6290,65544,12420,48792,5,44.4,0x0,active
1789893121,2026-09-20 11:32:01,6290,65604,12420,48792,5,44.4,0x0,active
1789893181,2026-09-20 11:33:01,6290,65664,12424,48792,5,44.4,0x0,active
1789893241,2026-09-20 11:34:01,6290,65724,12428,48792,5,44.4,0x0,active
1789893301,2026-09-20 11:35:01,6290,65784,12428,48792,5,43.9,0x0,active
1789893361,2026-09-20 11:36:01,6290,65844,12428,48792,5,44.4,0x0,active
1789893421,2026-09-20 11:37:01,6290,65904,12428,48792,5,44.4,0x0,active
1789893481,2026-09-20 11:38:01,6290,65964,12428,48792,5,44.4,0x0,active
1789893541,2026-09-20 11:39:01,6290,66024,12428,48792,5,44.4,0x0,active
1789893601,2026-09-20 11:40:01,6290,66084,12428,48792,5,44.4,0x0,active
1789893661,2026-09-20 11:41:01,6290,66144,12428,48792,5,44.4,0x0,active
1789893721,2026-09-20 11:42:01,6290,66204,12428,48792,5,44.4,0x0,active
1789893781,2026-09-20 11:43:01,6290,66264,12428,48792,5,43.9,0x0,active
1789893841,2026-09-20 11:44:01,6290,66324,12428,48792,5,44.4,0x0,active
1789893901,2026-09-20 11:45:01,6290,66384,12428,48792,5,44.9,0x0,active
1789893961,2026-09-20 11:46:01,6290,66444,12432,48792,5,44.4,0x0,active
1789894021,2026-09-20 11:47:01,6290,66504,12436,48792,5,43.3,0x0,active
1789894081,2026-09-20 11:48:01,6290,66564,12436,48792,5,44.4,0x0,active
1789894141,2026-09-20 11:49:01,6290,66624,12436,48792,5,44.4,0x0,active
1789894201,2026-09-20 11:50:01,6290,66684,12436,48792,5,44.4,0x0,active
1789894261,2026-09-20 11:51:01,6290,66744,12436,48792,5,44.4,0x0,active
1789894321,2026-09-20 11:52:01,6290,66804,12436,48792,5,44.4,0x0,active
1789894381,2026-09-20 11:53:01,6290,66864,12436,48792,5,44.4,0x0,active
1789894441,2026-09-20 11:54:01,6290,66924,12436,48792,5,44.4,0x0,active
1789894501,2026-09-20 11:55:01,6290,66984,12436,48792,5,44.4,0x0,active
1789894561,2026-09-20 11:56:01,6290,67044,12436,48792,5,44.4,0x0,active
1789894621,2026-09-20 11:57:01,6290,67104,12436,48792,5,44.4,0x0,active
1789894681,2026-09-20 11:58:01,6290,67164,12436,48792,5,44.4,0x0,active
1789894741,2026-09-20 11:59:01,6290,67224,12440,48792,5,44.4,0x0,active
1789894801,2026-09-20 12:00:01,6290,67284,12440,48792,5,44.4,0x0,active
1789894861,2026-09-20 12:01:01,6290,67344,12440,48792,5,44.4,0x0,active
1789894921,2026-09-20 12:02:01,6290,67404,12440,48792,5,44.4,0x0,active
1789894981,2026-09-20 12:03:01,6290,67464,12440,48792,5,44.4,0x0,active
1789895041,2026-09-20 12:04:01,6290,67524,12440,48792,5,44.4,0x0,active
1789895101,2026-09-20 12:05:01,6290,67584,12440,48792,5,44.4,0x0,active
1789895161,2026-09-20 12:06:01,6290,67644,12440,48792,5,44.4,0x0,active
1789895221,2026-09-20 12:07:01,6290,67704,12440,48792,5,44.4,0x0,active
1789895281,2026-09-20 12:08:01,6290,67764,12440,48792,5,44.4,0x0,active
1789895341,2026-09-20 12:09:01,6290,67824,12440,48792,5,44.4,0x0,active
1789895401,2026-09-20 12:10:01,6290,67884,12440,48792,5,44.9,0x0,active
1789895461,2026-09-20 12:11:01,6290,67944,12444,48792,5,44.4,0x0,active
1789895521,2026-09-20 12:12:01,6290,68004,12444,48792,5,44.4,0x0,active
1789895581,2026-09-20 12:13:01,6290,68064,12444,48792,5,44.4,0x0,active
1789895641,2026-09-20 12:14:01,6290,68124,12444,48792,5,44.4,0x0,active
1789895701,2026-09-20 12:15:01,6290,68184,12444,48792,5,44.4,0x0,active
1789895761,2026-09-20 12:16:01,6290,68244,12444,48792,5,44.4,0x0,active
1789895821,2026-09-20 12:17:01,6290,68304,12448,48792,5,44.4,0x0,active
1789895881,2026-09-20 12:18:01,6290,68364,12448,48792,5,44.4,0x0,active
1789895941,2026-09-20 12:19:01,6290,68424,12448,48792,5,44.4,0x0,active
1789896001,2026-09-20 12:20:01,6290,68484,12448,48792,5,44.4,0x0,active
1789896061,2026-09-20 12:21:01,6290,68544,12448,48792,5,44.4,0x0,active
1789896121,2026-09-20 12:22:01,6290,68604,12448,48792,5,44.4,0x0,active
1789896181,2026-09-20 12:23:01,6290,68664,12448,48792,5,44.4,0x0,active
1789896241,2026-09-20 12:24:01,6290,68724,12448,48792,5,44.4,0x0,active
1789896301,2026-09-20 12:25:01,6290,68784,12448,48792,5,44.4,0x0,active
1789896361,2026-09-20 12:26:01,6290,68844,12448,48792,5,43.9,0x0,active
1789896421,2026-09-20 12:27:01,6290,68904,12448,48792,5,44.4,0x0,active
1789896481,2026-09-20 12:28:01,6290,68964,12448,48792,5,44.4,0x0,active
1789896541,2026-09-20 12:29:01,6290,69024,12448,48792,5,44.4,0x0,active
1789896601,2026-09-20 12:30:01,6290,69084,12452,48792,5,44.4,0x0,active
1789896661,2026-09-20 12:31:01,6290,69144,12460,48792,5,44.4,0x0,active
1789896721,2026-09-20 12:32:01,6290,69204,12460,48792,5,44.4,0x0,active
1789896781,2026-09-20 12:33:01,6290,69264,12460,48792,5,44.4,0x0,active
1789896841,2026-09-20 12:34:01,6290,69324,12460,48792,5,44.4,0x0,active
1789896901,2026-09-20 12:35:01,6290,69384,12460,48792,5,44.4,0x0,active
1789896961,2026-09-20 12:36:01,6290,69444,12460,48792,5,44.4,0x0,active
1789897021,2026-09-20 12:37:01,6290,69504,12460,48792,5,44.4,0x0,active
1789897081,2026-09-20 12:38:01,6290,69564,12460,48792,5,44.4,0x0,active
1789897141,2026-09-20 12:39:01,6290,69624,12460,48792,5,44.4,0x0,active
1789897201,2026-09-20 12:40:01,6290,69684,12460,48792,5,44.4,0x0,active
1789897261,2026-09-20 12:41:01,6290,69744,12460,48792,5,44.4,0x0,active
1789897321,2026-09-20 12:42:01,6290,69804,12460,48792,5,44.4,0x0,active
1789897381,2026-09-20 12:43:01,6290,69864,12460,48792,5,44.4,0x0,active
1789897441,2026-09-20 12:44:01,6290,69924,12460,48792,5,44.4,0x0,active
1789897501,2026-09-20 12:45:01,6290,69984,12460,48792,5,44.4,0x0,active
1789897561,2026-09-20 12:46:01,6290,70044,12460,48792,5,44.4,0x0,active
1789897621,2026-09-20 12:47:01,6290,70104,12460,48792,5,44.4,0x0,active
1789897681,2026-09-20 12:48:01,6290,70164,12460,48792,5,44.4,0x0,active
1789897741,2026-09-20 12:49:01,6290,70224,12460,48792,5,44.4,0x0,active
1789897801,2026-09-20 12:50:01,6290,70284,12460,48792,5,44.4,0x0,active
1789897861,2026-09-20 12:51:01,6290,70344,12460,48792,5,44.4,0x0,active
1789897921,2026-09-20 12:52:01,6290,70404,12460,48792,5,44.4,0x0,active
1789897981,2026-09-20 12:53:01,6290,70464,12460,48792,5,43.9,0x0,active
1789898041,2026-09-20 12:54:01,6290,70524,12460,48792,5,44.4,0x0,active
1789898101,2026-09-20 12:55:01,6290,70584,12460,48792,5,43.9,0x0,active
1789898161,2026-09-20 12:56:01,6290,70644,12460,48792,5,44.4,0x0,active
1789898221,2026-09-20 12:57:01,6290,70704,12460,48792,5,44.4,0x0,active
1789898281,2026-09-20 12:58:01,6290,70764,12460,48792,5,44.4,0x0,active
1789898341,2026-09-20 12:59:01,6290,70824,12460,48792,5,44.4,0x0,active
1789898401,2026-09-20 13:00:01,6290,70884,12464,48792,5,44.4,0x0,active
1789898461,2026-09-20 13:01:01,6290,70944,12468,48792,5,44.4,0x0,active
1789898521,2026-09-20 13:02:01,6290,71004,12468,48792,5,44.4,0x0,active
1789898581,2026-09-20 13:03:01,6290,71064,12468,48792,5,44.4,0x0,active
1789898641,2026-09-20 13:04:01,6290,71124,12468,48792,5,44.4,0x0,active
1789898701,2026-09-20 13:05:01,6290,71184,12468,48792,5,44.4,0x0,active
1789898761,2026-09-20 13:06:01,6290,71244,12468,48792,5,44.4,0x0,active
1789898821,2026-09-20 13:07:01,6290,71304,12468,48792,5,44.4,0x0,active
1789898881,2026-09-20 13:08:01,6290,71364,12468,48792,5,44.4,0x0,active
1789898941,2026-09-20 13:09:01,6290,71424,12468,48792,5,44.4,0x0,active
1789899001,2026-09-20 13:10:01,6290,71484,12468,48792,5,44.4,0x0,active
1789899061,2026-09-20 13:11:01,6290,71544,12468,48792,5,44.4,0x0,active
1789899121,2026-09-20 13:12:01,6290,71604,12468,48792,5,44.4,0x0,active
1789899181,2026-09-20 13:13:01,6290,71664,12468,48792,5,44.4,0x0,active
1789899241,2026-09-20 13:14:01,6290,71724,12468,48792,5,44.4,0x0,active
1789899301,2026-09-20 13:15:01,6290,71784,12468,48792,5,44.4,0x0,active
1789899361,2026-09-20 13:16:01,6290,71844,12468,48792,5,44.4,0x0,active
1789899421,2026-09-20 13:17:01,6290,71904,12468,48792,5,44.4,0x0,active
1789899481,2026-09-20 13:18:01,6290,71964,12468,48792,5,44.4,0x0,active
1789899541,2026-09-20 13:19:01,6290,72024,12468,48792,5,44.4,0x0,active
1789899601,2026-09-20 13:20:01,6290,72084,12468,48792,5,44.4,0x0,active
1789899661,2026-09-20 13:21:01,6290,72144,12468,48792,5,44.4,0x0,active
1789899721,2026-09-20 13:22:01,6290,72204,12468,48792,5,44.4,0x0,active
1789899781,2026-09-20 13:23:01,6290,72264,12468,48792,5,44.4,0x0,active
1789899841,2026-09-20 13:24:01,6290,72324,12468,48792,5,44.9,0x0,active
1789899901,2026-09-20 13:25:01,6290,72384,12468,48792,5,44.9,0x0,active
1789899961,2026-09-20 13:26:01,6290,72444,12468,48792,5,44.9,0x0,active
1789900021,2026-09-20 13:27:01,6290,72504,12468,48792,5,43.3,0x0,active
1789900081,2026-09-20 13:28:01,6290,72564,12468,48792,5,44.4,0x0,active
1789900141,2026-09-20 13:29:01,6290,72624,12468,48792,5,44.9,0x0,active
1789900201,2026-09-20 13:30:01,6290,72684,12468,48792,5,44.4,0x0,active
1789900261,2026-09-20 13:31:01,6290,72744,12468,48792,5,44.4,0x0,active
1789900321,2026-09-20 13:32:01,6290,72804,12468,48792,5,44.4,0x0,active
1789900381,2026-09-20 13:33:01,6290,72864,12468,48792,5,44.4,0x0,active
1789900441,2026-09-20 13:34:01,6290,72924,12472,48792,5,44.4,0x0,active
1789900501,2026-09-20 13:35:01,6290,72984,12472,48792,5,44.4,0x0,active
1789900561,2026-09-20 13:36:01,6290,73044,12472,48792,5,44.4,0x0,active
1789900621,2026-09-20 13:37:01,6290,73104,12472,48792,5,44.4,0x0,active
1789900681,2026-09-20 13:38:01,6290,73164,12472,48792,5,44.4,0x0,active
1789900741,2026-09-20 13:39:01,6290,73224,12472,48792,5,43.9,0x0,active
1789900801,2026-09-20 13:40:01,6290,73284,12472,48792,5,44.4,0x0,active
1789900861,2026-09-20 13:41:01,6290,73344,12472,48792,5,44.9,0x0,active
1789900921,2026-09-20 13:42:01,6290,73404,12472,48792,5,43.9,0x0,active
1789900981,2026-09-20 13:43:01,6290,73464,12472,48792,5,44.4,0x0,active
1789901041,2026-09-20 13:44:01,6290,73524,12472,48792,5,43.3,0x0,active
1789901101,2026-09-20 13:45:01,6290,73584,12472,48792,5,43.9,0x0,active
1789901161,2026-09-20 13:46:01,6290,73644,12472,48792,5,44.4,0x0,active
1789901221,2026-09-20 13:47:01,6290,73704,12472,48792,5,44.4,0x0,active
1789901281,2026-09-20 13:48:01,6290,73764,12472,48792,5,44.4,0x0,active
1789901341,2026-09-20 13:49:01,6290,73824,12472,48792,5,44.4,0x0,active
1789901401,2026-09-20 13:50:01,6290,73884,12472,48792,5,43.9,0x0,active
1789901461,2026-09-20 13:51:01,6290,73944,12472,48792,5,44.4,0x0,active
1789901521,2026-09-20 13:52:01,6290,74004,12472,48792,5,43.9,0x0,active
1789901581,2026-09-20 13:53:01,6290,74064,12476,48792,5,43.3,0x0,active
1789901641,2026-09-20 13:54:01,6290,74124,12476,48792,5,44.4,0x0,active
1789901701,2026-09-20 13:55:01,6290,74184,12476,48792,5,44.4,0x0,active
1789901761,2026-09-20 13:56:01,6290,74244,12476,48792,5,44.4,0x0,active
1789901821,2026-09-20 13:57:01,6290,74304,12476,48792,5,44.4,0x0,active
1789901881,2026-09-20 13:58:01,6290,74364,12476,48792,5,44.4,0x0,active
1789901941,2026-09-20 13:59:01,6290,74424,12476,48792,5,43.9,0x0,active
1789902001,2026-09-20 14:00:01,6290,74484,12476,48792,5,44.4,0x0,active
1789902061,2026-09-20 14:01:01,6290,74544,12476,48792,5,44.4,0x0,active
1789902121,2026-09-20 14:02:01,6290,74604,12476,48792,5,44.4,0x0,active
1789902181,2026-09-20 14:03:01,6290,74664,12476,48792,5,44.4,0x0,active
1789902241,2026-09-20 14:04:01,6290,74724,12476,48792,5,44.4,0x0,active
1789902301,2026-09-20 14:05:01,6290,74784,12476,48792,5,44.4,0x0,active
1789902361,2026-09-20 14:06:01,6290,74844,12480,48792,5,44.4,0x0,active
1789902421,2026-09-20 14:07:01,6290,74904,12484,48792,5,44.4,0x0,active
1789902481,2026-09-20 14:08:01,6290,74964,12484,48792,5,44.4,0x0,active
1789902541,2026-09-20 14:09:01,6290,75024,12484,48792,5,44.4,0x0,active
1789902601,2026-09-20 14:10:01,6290,75084,12484,48792,5,44.4,0x0,active
1789902661,2026-09-20 14:11:01,6290,75144,12484,48792,5,44.4,0x0,active
1789902721,2026-09-20 14:12:01,6290,75204,12484,48792,5,44.4,0x0,active
1789902781,2026-09-20 14:13:01,6290,75264,12484,48792,5,44.4,0x0,active
1789902841,2026-09-20 14:14:01,6290,75324,12484,48792,5,44.4,0x0,active
1789902901,2026-09-20 14:15:01,6290,75384,12484,48792,5,44.4,0x0,active
1789902961,2026-09-20 14:16:01,6290,75444,12484,48792,5,44.4,0x0,active
1789903021,2026-09-20 14:17:01,6290,75504,12484,48792,5,44.4,0x0,active
1789903081,2026-09-20 14:18:01,6290,75564,12484,48792,5,44.4,0x0,active
1789903141,2026-09-20 14:19:01,6290,75624,12484,48792,5,44.4,0x0,active
1789903201,2026-09-20 14:20:01,6290,75684,12484,48792,5,44.9,0x0,active
1789903261,2026-09-20 14:21:01,6290,75744,12484,48792,5,44.4,0x0,active
1789903321,2026-09-20 14:22:01,6290,75804,12484,48792,5,44.4,0x0,active
1789903381,2026-09-20 14:23:01,6290,75864,12484,48792,5,44.9,0x0,active
1789903441,2026-09-20 14:24:01,6290,75924,12484,48792,5,44.4,0x0,active
1789903501,2026-09-20 14:25:01,6290,75984,12484,48792,5,44.4,0x0,active
1789903561,2026-09-20 14:26:01,6290,76044,12484,48792,5,44.4,0x0,active
1789903621,2026-09-20 14:27:01,6290,76104,12484,48792,5,44.4,0x0,active
1789903681,2026-09-20 14:28:01,6290,76164,12484,48792,5,44.4,0x0,active
1789903741,2026-09-20 14:29:01,6290,76224,12484,48792,5,44.4,0x0,active
1789903801,2026-09-20 14:30:01,6290,76284,12484,48792,5,44.4,0x0,active
1789903861,2026-09-20 14:31:01,6290,76344,12484,48792,5,45.5,0x0,active
1789903921,2026-09-20 14:32:01,6290,76404,12484,48792,5,44.9,0x0,active
1789903981,2026-09-20 14:33:01,6290,76464,12484,48792,5,44.9,0x0,active
1789904041,2026-09-20 14:34:01,6290,76524,12484,48792,5,44.4,0x0,active
1789904101,2026-09-20 14:35:01,6290,76584,12484,48792,5,44.4,0x0,active
1789904161,2026-09-20 14:36:01,6290,76644,12484,48792,5,44.4,0x0,active
1789904221,2026-09-20 14:37:01,6290,76704,12484,48792,5,44.4,0x0,active
1789904281,2026-09-20 14:38:01,6290,76764,12484,48792,5,44.4,0x0,active
1789904341,2026-09-20 14:39:01,6290,76824,12484,48792,5,44.9,0x0,active
1789904401,2026-09-20 14:40:01,6290,76884,12484,48792,5,44.4,0x0,active
1789904461,2026-09-20 14:41:01,6290,76944,12484,48792,5,44.4,0x0,active
1789904521,2026-09-20 14:42:01,6290,77004,12484,48792,5,44.4,0x0,active
1789904581,2026-09-20 14:43:01,6290,77064,12484,48792,5,44.4,0x0,active
1789904641,2026-09-20 14:44:01,5395,10,8760,48792,5,44.4,0x0,active
1789904701,2026-09-20 14:45:01,5395,70,9444,48792,5,44.4,0x0,active
1789904761,2026-09-20 14:46:01,5395,130,9520,48792,5,44.4,0x0,active
1789904821,2026-09-20 14:47:01,5395,190,9608,48792,5,44.4,0x0,active
1789904881,2026-09-20 14:48:01,5395,250,9620,48792,5,44.9,0x0,active
1789904941,2026-09-20 14:49:01,5395,310,9668,48792,5,44.9,0x0,active
1789905001,2026-09-20 14:50:01,5395,370,9712,48792,5,44.4,0x0,active
1789905061,2026-09-20 14:51:01,5395,430,9732,48792,5,44.9,0x0,active
1789905121,2026-09-20 14:52:01,5395,490,9756,48792,5,44.4,0x0,active
1789905181,2026-09-20 14:53:01,5395,550,9784,48792,5,44.9,0x0,active
1789905241,2026-09-20 14:54:01,5395,610,9788,48792,5,44.4,0x0,active
1789905301,2026-09-20 14:55:01,5395,670,9804,48792,5,44.4,0x0,active
1789905361,2026-09-20 14:56:01,5395,730,9820,48792,5,44.4,0x0,active
1789905421,2026-09-20 14:57:01,5395,790,9852,48792,5,44.4,0x0,active
1789905481,2026-09-20 14:58:01,5395,850,9868,48792,5,44.9,0x0,active
1789905541,2026-09-20 14:59:01,5395,910,9872,48792,5,44.4,0x0,active
1789905601,2026-09-20 15:00:01,5395,970,9888,48792,5,44.9,0x0,active
1789905661,2026-09-20 15:01:01,5395,1030,9940,48792,5,44.4,0x0,active
1789905721,2026-09-20 15:02:01,5395,1090,9960,48792,5,44.4,0x0,active
1789905781,2026-09-20 15:03:01,5395,1150,9976,48792,5,44.9,0x0,active
1789905841,2026-09-20 15:04:01,5395,1210,9980,48792,5,44.9,0x0,active
1789905901,2026-09-20 15:05:01,5395,1270,10004,48792,5,44.9,0x0,active
1789905961,2026-09-20 15:06:01,5395,1330,10040,48792,5,44.9,0x0,active
1789906021,2026-09-20 15:07:01,5395,1390,10076,48792,5,45.5,0x0,active
1789906081,2026-09-20 15:08:01,5395,1450,10136,48792,5,44.4,0x0,active
1789906141,2026-09-20 15:09:01,5395,1510,10156,48792,5,44.9,0x0,active
1789906201,2026-09-20 15:10:01,5395,1570,10168,48792,5,44.4,0x0,active
1789906261,2026-09-20 15:11:01,5395,1630,10188,48792,5,44.4,0x0,active
1789906321,2026-09-20 15:12:01,5395,1690,10200,48792,5,44.9,0x0,active
1789906381,2026-09-20 15:13:01,5395,1750,10200,48792,5,44.4,0x0,active
1789906441,2026-09-20 15:14:01,5395,1810,10200,48792,5,44.9,0x0,active
1789906501,2026-09-20 15:15:01,5395,1870,10204,48792,5,44.9,0x0,active
1789906561,2026-09-20 15:16:01,5395,1930,10220,48792,5,44.4,0x0,active
1789906621,2026-09-20 15:17:01,5395,1990,10224,48792,5,44.4,0x0,active
1789906681,2026-09-20 15:18:01,5395,2050,10228,48792,5,44.9,0x0,active
1789906741,2026-09-20 15:19:01,5395,2110,10240,48792,5,44.9,0x0,active
1789906801,2026-09-20 15:20:01,5395,2170,10240,48792,5,44.4,0x0,active
1789906861,2026-09-20 15:21:01,5395,2230,10240,48792,5,44.4,0x0,active
1789906921,2026-09-20 15:22:01,5395,2290,10240,48792,5,44.9,0x0,active
1789906981,2026-09-20 15:23:01,5395,2350,10240,48792,5,44.4,0x0,active
1789907041,2026-09-20 15:24:01,5395,2410,10248,48792,5,44.4,0x0,active
1789907101,2026-09-20 15:25:01,5395,2470,10248,48792,5,44.9,0x0,active
1789907161,2026-09-20 15:26:01,5395,2530,10264,48792,5,45.5,0x0,active
1789907221,2026-09-20 15:27:01,5395,2590,10272,48792,5,44.4,0x0,active
1789907281,2026-09-20 15:28:01,5395,2650,10276,48792,5,45.5,0x0,active
1789907341,2026-09-20 15:29:01,5395,2710,10280,48792,5,44.4,0x0,active
1789907401,2026-09-20 15:30:01,5395,2770,10296,48792,5,44.9,0x0,active
1789907461,2026-09-20 15:31:01,5395,2830,10304,48792,5,44.4,0x0,active
1789907521,2026-09-20 15:32:01,5395,2890,10308,48792,5,44.9,0x0,active
1789907581,2026-09-20 15:33:01,5395,2950,10340,48792,5,44.9,0x0,active
1789907641,2026-09-20 15:34:01,5395,3010,10388,48792,5,44.9,0x0,active
1789907701,2026-09-20 15:35:01,5395,3070,10420,48792,5,44.9,0x0,active
1789907761,2026-09-20 15:36:01,5395,3130,10440,48792,5,44.4,0x0,active
1789907821,2026-09-20 15:37:01,5395,3190,10452,48792,5,44.4,0x0,active
1789907881,2026-09-20 15:38:01,5395,3250,10472,48792,5,45.5,0x0,active
1789907941,2026-09-20 15:39:01,5395,3310,10484,48792,5,44.9,0x0,active
1789908001,2026-09-20 15:40:01,5395,3370,10488,48792,5,44.9,0x0,active
1789908061,2026-09-20 15:41:01,5395,3430,10504,48792,5,44.4,0x0,active
1789908121,2026-09-20 15:42:01,5395,3490,10512,48792,5,44.9,0x0,active
1789908181,2026-09-20 15:43:01,5395,3550,10512,48792,5,44.9,0x0,active
1789908241,2026-09-20 15:44:01,5395,3610,10516,48792,5,44.4,0x0,active
1789908301,2026-09-20 15:45:01,5395,3670,10520,48792,5,44.9,0x0,active
1789908361,2026-09-20 15:46:01,5395,3730,10528,48792,5,44.4,0x0,active
1789908421,2026-09-20 15:47:01,5395,3790,10540,48792,5,44.9,0x0,active
1789908481,2026-09-20 15:48:01,5395,3850,10540,48792,5,44.9,0x0,active
1789908541,2026-09-20 15:49:01,5395,3910,10544,48792,5,45.5,0x0,active
1789908601,2026-09-20 15:50:01,5395,3970,10548,48792,5,44.9,0x0,active
1789908661,2026-09-20 15:51:01,5395,4030,10548,48792,5,44.4,0x0,active
1789908721,2026-09-20 15:52:01,5395,4090,10560,48792,5,45.5,0x0,active
1789908781,2026-09-20 15:53:01,5395,4150,10560,48792,5,45.5,0x0,active
1789908841,2026-09-20 15:54:01,5395,4210,10560,48792,5,44.4,0x0,active
1789908901,2026-09-20 15:55:01,5395,4270,10596,48792,5,44.9,0x0,active
1789908961,2026-09-20 15:56:01,5395,4330,10636,48792,5,44.9,0x0,active
1789909021,2026-09-20 15:57:01,5395,4390,10672,48792,5,44.9,0x0,active
1789909081,2026-09-20 15:58:01,5395,4450,10676,48792,5,44.4,0x0,active
1789909141,2026-09-20 15:59:01,5395,4510,10676,48792,5,44.9,0x0,active
1789909201,2026-09-20 16:00:01,5395,4570,10680,48792,5,45.5,0x0,active
1789909261,2026-09-20 16:01:01,5395,4630,10692,48792,5,44.4,0x0,active
1789909321,2026-09-20 16:02:01,5395,4690,10704,48792,5,44.9,0x0,active
1789909381,2026-09-20 16:03:01,5395,4750,10712,48792,5,44.4,0x0,active
1789909441,2026-09-20 16:04:01,5395,4810,10716,48792,5,45.5,0x0,active
1789909501,2026-09-20 16:05:01,5395,4870,10720,48792,5,44.9,0x0,active
1789909561,2026-09-20 16:06:01,5395,4930,10720,48792,5,45.5,0x0,active
1789909621,2026-09-20 16:07:01,5395,4990,10724,48792,5,45.5,0x0,active
1789909681,2026-09-20 16:08:01,5395,5050,10728,48792,5,44.9,0x0,active
1789909741,2026-09-20 16:09:01,5395,5110,10732,48792,5,45.5,0x0,active
1789909801,2026-09-20 16:10:01,5395,5170,10732,48792,5,45.5,0x0,active
1789909861,2026-09-20 16:11:01,5395,5230,10748,48792,5,44.4,0x0,active
1789909921,2026-09-20 16:12:01,5395,5290,10756,48792,5,44.9,0x0,active
1789909981,2026-09-20 16:13:01,5395,5350,10760,48792,5,44.9,0x0,active
1789910041,2026-09-20 16:14:01,5395,5410,10764,48792,5,44.9,0x0,active
1789910101,2026-09-20 16:15:01,5395,5470,10764,48792,5,44.9,0x0,active
1789910161,2026-09-20 16:16:01,5395,5530,10764,48792,5,44.9,0x0,active
1789910221,2026-09-20 16:17:01,5395,5590,10768,48792,5,44.9,0x0,active
1789910281,2026-09-20 16:18:01,5395,5650,10800,48792,5,44.9,0x0,active
1789910341,2026-09-20 16:19:01,5395,5710,10800,48792,5,44.9,0x0,active
1789910401,2026-09-20 16:20:01,5395,5770,10820,48792,5,44.9,0x0,active
1789910461,2026-09-20 16:21:01,5395,5830,10844,48792,5,44.9,0x0,active
1789910521,2026-09-20 16:22:01,5395,5890,10844,48792,5,44.9,0x0,active
1789910581,2026-09-20 16:23:01,5395,5950,10880,48792,5,44.4,0x0,active
1789910641,2026-09-20 16:24:01,5395,6010,10892,48792,5,44.9,0x0,active
1789910701,2026-09-20 16:25:01,5395,6070,10904,48792,5,44.4,0x0,active
1789910761,2026-09-20 16:26:01,5395,6130,10908,48792,5,44.9,0x0,active
1789910821,2026-09-20 16:27:01,5395,6190,10908,48792,5,44.9,0x0,active
1789910881,2026-09-20 16:28:01,5395,6250,10916,48792,5,44.4,0x0,active
1789910941,2026-09-20 16:29:01,5395,6310,10924,48792,5,44.4,0x0,active
1789911001,2026-09-20 16:30:01,5395,6370,10928,48792,5,44.4,0x0,active
1789911061,2026-09-20 16:31:01,5395,6430,10944,48792,5,44.9,0x0,active
1789911121,2026-09-20 16:32:01,5395,6490,10980,48792,5,44.9,0x0,active
1789911181,2026-09-20 16:33:01,5395,6550,10980,48792,5,44.9,0x0,active
1789911241,2026-09-20 16:34:01,5395,6610,11008,48792,5,44.4,0x0,active
1789911301,2026-09-20 16:35:01,5395,6670,11008,48792,5,44.9,0x0,active
1789911361,2026-09-20 16:36:01,5395,6730,11008,48792,5,44.9,0x0,active
1789911421,2026-09-20 16:37:01,5395,6790,11008,48792,5,44.9,0x0,active
1789911481,2026-09-20 16:38:01,5395,6850,11012,48792,5,44.9,0x0,active
1789911541,2026-09-20 16:39:01,5395,6910,11032,48792,5,44.9,0x0,active
1789911601,2026-09-20 16:40:01,5395,6970,11036,48792,5,44.9,0x0,active
1789911661,2026-09-20 16:41:01,5395,7030,11040,48792,5,44.9,0x0,active
1789911721,2026-09-20 16:42:01,5395,7090,11084,48792,5,44.4,0x0,active
1789911781,2026-09-20 16:43:01,5395,7150,11116,48792,5,45.5,0x0,active
1789911841,2026-09-20 16:44:01,5395,7210,11116,48792,5,44.4,0x0,active
1789911901,2026-09-20 16:45:01,5395,7270,11120,48792,5,44.4,0x0,active
1789911961,2026-09-20 16:46:01,5395,7330,11120,48792,5,44.9,0x0,active
1789912021,2026-09-20 16:47:01,5395,7390,11120,48792,5,44.9,0x0,active
1789912081,2026-09-20 16:48:01,5395,7450,11136,48792,5,44.4,0x0,active
1789912141,2026-09-20 16:49:01,5395,7510,11144,48792,5,44.9,0x0,active
1789912201,2026-09-20 16:50:01,5395,7570,11144,48792,5,44.9,0x0,active
1789912261,2026-09-20 16:51:01,5395,7630,11148,48792,5,44.9,0x0,active
1789912321,2026-09-20 16:52:01,5395,7690,11172,48792,5,44.4,0x0,active
1789912381,2026-09-20 16:53:01,5395,7750,11180,48792,5,44.4,0x0,active
1789912441,2026-09-20 16:54:01,5395,7810,11180,48792,5,44.4,0x0,active
1789912501,2026-09-20 16:55:01,5395,7870,11180,48792,5,45.5,0x0,active
1789912561,2026-09-20 16:56:01,5395,7930,11180,48792,5,44.4,0x0,active
1789912621,2026-09-20 16:57:01,5395,7990,11184,48792,5,44.9,0x0,active
1789912681,2026-09-20 16:58:01,5395,8050,11188,48792,5,44.4,0x0,active
1789912741,2026-09-20 16:59:01,5395,8110,11192,48792,5,44.9,0x0,active
1789912801,2026-09-20 17:00:01,5395,8170,11196,48792,5,45.5,0x0,active
1789912861,2026-09-20 17:01:01,5395,8230,11200,48792,5,44.4,0x0,active
1789912921,2026-09-20 17:02:01,5395,8290,11204,48792,5,45.5,0x0,active
1789912981,2026-09-20 17:03:01,5395,8350,11204,48792,5,45.5,0x0,active
1789913041,2026-09-20 17:04:01,5395,8410,11204,48792,5,45.5,0x0,active
1789913101,2026-09-20 17:05:01,5395,8470,11204,48792,5,45.5,0x0,active
1789913161,2026-09-20 17:06:01,5395,8530,11204,48792,5,45.5,0x0,active
1789913221,2026-09-20 17:07:01,5395,8590,11216,48792,5,44.9,0x0,active
1789913281,2026-09-20 17:08:01,5395,8650,11236,48792,5,44.9,0x0,active
1789913341,2026-09-20 17:09:01,5395,8710,11236,48792,5,44.4,0x0,active
1789913401,2026-09-20 17:10:01,5395,8770,11248,48792,5,45.5,0x0,active
1789913461,2026-09-20 17:11:01,5395,8830,11248,48792,5,44.9,0x0,active
1789913521,2026-09-20 17:12:01,5395,8890,11256,48792,5,44.9,0x0,active
1789913581,2026-09-20 17:13:01,5395,8950,11264,48792,5,44.4,0x0,active
1789913641,2026-09-20 17:14:01,5395,9010,11264,48792,5,44.9,0x0,active
1789913701,2026-09-20 17:15:01,5395,9070,11264,48792,5,45.5,0x0,active
1789913761,2026-09-20 17:16:01,5395,9130,11276,48792,5,44.9,0x0,active
1789913821,2026-09-20 17:17:01,5395,9190,11280,48792,5,45.5,0x0,active
1789913881,2026-09-20 17:18:01,5395,9250,11288,48792,5,45.5,0x0,active
1789913941,2026-09-20 17:19:01,5395,9310,11296,48792,5,45.5,0x0,active
1789914001,2026-09-20 17:20:01,5395,9370,11296,48792,5,44.9,0x0,active
1789914061,2026-09-20 17:21:01,5395,9430,11304,48792,5,44.9,0x0,active
1789914121,2026-09-20 17:22:01,5395,9490,11308,48792,5,44.9,0x0,active
1789914181,2026-09-20 17:23:01,5395,9550,11316,48792,5,44.9,0x0,active
1789914241,2026-09-20 17:24:01,5395,9610,11316,48792,5,44.9,0x0,active
1789914301,2026-09-20 17:25:01,5395,9670,11320,48792,5,44.4,0x0,active
1789914361,2026-09-20 17:26:01,5395,9730,11324,48792,5,44.9,0x0,active
1789914421,2026-09-20 17:27:01,5395,9790,11332,48792,5,45.5,0x0,active
1789914481,2026-09-20 17:28:01,5395,9850,11340,48792,5,44.9,0x0,active
1789914541,2026-09-20 17:29:01,5395,9910,11380,48792,5,45.5,0x0,active
1789914601,2026-09-20 17:30:01,5395,9970,11380,48792,5,45.5,0x0,active
1789914661,2026-09-20 17:31:01,5395,10030,11384,48792,5,44.9,0x0,active
1789914721,2026-09-20 17:32:01,5395,10090,11384,48792,5,45.5,0x0,active
1789914781,2026-09-20 17:33:01,5395,10150,11400,48792,5,45.5,0x0,active
1789914841,2026-09-20 17:34:01,5395,10210,11408,48792,5,44.9,0x0,active
1789914901,2026-09-20 17:35:01,5395,10270,11408,48792,5,44.9,0x0,active
1789914961,2026-09-20 17:36:01,5395,10330,11408,48792,5,44.4,0x0,active
1789915021,2026-09-20 17:37:01,5395,10390,11408,48792,5,45.5,0x0,active
1789915081,2026-09-20 17:38:01,5395,10450,11412,48792,5,45.5,0x0,active
1789915141,2026-09-20 17:39:01,5395,10510,11412,48792,5,45.5,0x0,active
1789915201,2026-09-20 17:40:01,5395,10570,11412,48792,5,44.9,0x0,active
1789915261,2026-09-20 17:41:01,5395,10630,11412,48792,5,44.9,0x0,active
1789915321,2026-09-20 17:42:01,5395,10690,11420,48792,5,44.9,0x0,active
1789915381,2026-09-20 17:43:01,5395,10750,11420,48792,5,44.4,0x0,active
1789915441,2026-09-20 17:44:01,5395,10810,11428,48792,5,44.4,0x0,active
1789915501,2026-09-20 17:45:01,5395,10870,11436,48792,5,45.5,0x0,active
1789915561,2026-09-20 17:46:01,5395,10930,11436,48792,5,44.4,0x0,active
1789915621,2026-09-20 17:47:01,5395,10990,11436,48792,5,44.9,0x0,active
1789915681,2026-09-20 17:48:01,5395,11050,11436,48792,5,45.5,0x0,active
1789915741,2026-09-20 17:49:01,5395,11110,11448,48792,5,44.9,0x0,active
1789915801,2026-09-20 17:50:01,5395,11170,11448,48792,5,44.9,0x0,active
1789915861,2026-09-20 17:51:01,5395,11230,11460,48792,5,44.9,0x0,active
1789915921,2026-09-20 17:52:01,5395,11290,11460,48792,5,45.5,0x0,active
1789915981,2026-09-20 17:53:01,5395,11350,11460,48792,5,44.9,0x0,active
1789916041,2026-09-20 17:54:01,5395,11410,11460,48792,5,44.9,0x0,active
1789916101,2026-09-20 17:55:01,5395,11470,11464,48792,5,45.5,0x0,active
1789916161,2026-09-20 17:56:01,5395,11530,11464,48792,5,44.9,0x0,active
1789916221,2026-09-20 17:57:01,5395,11590,11464,48792,5,45.5,0x0,active
1789916281,2026-09-20 17:58:01,5395,11650,11464,48792,5,45.5,0x0,active
1789916341,2026-09-20 17:59:01,5395,11710,11464,48792,5,44.9,0x0,active
1789916401,2026-09-20 18:00:01,5395,11770,11472,48792,5,44.9,0x0,active
1789916461,2026-09-20 18:01:01,5395,11830,11472,48792,5,45.5,0x0,active
1789916521,2026-09-20 18:02:01,5395,11890,11484,48792,5,44.9,0x0,active
1789916581,2026-09-20 18:03:01,5395,11950,11492,48792,5,44.9,0x0,active
1789916641,2026-09-20 18:04:01,5395,12010,11492,48792,5,44.9,0x0,active
1789916701,2026-09-20 18:05:01,5395,12070,11492,48792,5,44.9,0x0,active
1789916761,2026-09-20 18:06:01,5395,12130,11500,48792,5,45.5,0x0,active
1789916821,2026-09-20 18:07:01,5395,12190,11504,48792,5,45.5,0x0,active
1789916881,2026-09-20 18:08:01,5395,12250,11504,48792,5,45.5,0x0,active
1789916941,2026-09-20 18:09:01,5395,12310,11504,48792,5,44.9,0x0,active
1789917001,2026-09-20 18:10:01,5395,12370,11504,48792,5,44.9,0x0,active
1789917061,2026-09-20 18:11:01,5395,12430,11504,48792,5,44.4,0x0,active
1789917121,2026-09-20 18:12:01,5395,12490,11504,48792,5,44.9,0x0,active
1789917181,2026-09-20 18:13:01,5395,12550,11508,48792,5,45.5,0x0,active
1789917241,2026-09-20 18:14:01,5395,12610,11508,48792,5,44.9,0x0,active
1789917301,2026-09-20 18:15:01,5395,12670,11516,48792,5,44.9,0x0,active
1789917361,2026-09-20 18:16:01,5395,12730,11516,48792,5,45.5,0x0,active
1789917421,2026-09-20 18:17:01,5395,12790,11524,48792,5,44.9,0x0,active
1789917481,2026-09-20 18:18:01,5395,12850,11524,48792,5,45.5,0x0,active
1789917541,2026-09-20 18:19:01,5395,12910,11528,48792,5,44.9,0x0,active
1789917601,2026-09-20 18:20:01,5395,12970,11528,48792,5,44.9,0x0,active
1789917661,2026-09-20 18:21:01,5395,13030,11528,48792,5,44.9,0x0,active
1789917721,2026-09-20 18:22:01,5395,13090,11540,48792,5,44.4,0x0,active
1789917781,2026-09-20 18:23:01,5395,13150,11540,48792,5,44.9,0x0,active
1789917841,2026-09-20 18:24:01,5395,13210,11540,48792,5,44.9,0x0,active
1789917901,2026-09-20 18:25:01,5395,13270,11540,48792,5,44.4,0x0,active
1789917961,2026-09-20 18:26:01,5395,13330,11544,48792,5,44.9,0x0,active
1789918021,2026-09-20 18:27:01,5395,13390,11544,48792,5,45.5,0x0,active
1789918081,2026-09-20 18:28:01,5395,13450,11544,48792,5,44.4,0x0,active
1789918141,2026-09-20 18:29:01,5395,13510,11544,48792,5,44.4,0x0,active
1789918201,2026-09-20 18:30:01,5395,13570,11544,48792,5,44.4,0x0,active
1789918261,2026-09-20 18:31:01,5395,13630,11548,48792,5,44.9,0x0,active
1789918321,2026-09-20 18:32:01,5395,13690,11552,48792,5,44.9,0x0,active
1789918381,2026-09-20 18:33:01,5395,13750,11556,48792,5,45.5,0x0,active
1789918441,2026-09-20 18:34:01,5395,13810,11556,48792,5,44.9,0x0,active
1789918501,2026-09-20 18:35:01,5395,13870,11560,48792,5,44.9,0x0,active
1789918561,2026-09-20 18:36:01,5395,13930,11560,48792,5,45.5,0x0,active
1789918621,2026-09-20 18:37:01,5395,13990,11560,48792,5,44.4,0x0,active
1789918681,2026-09-20 18:38:01,5395,14050,11572,48792,5,44.9,0x0,active
1789918741,2026-09-20 18:39:01,5395,14110,11572,48792,5,44.9,0x0,active
1789918801,2026-09-20 18:40:01,5395,14170,11576,48792,5,45.5,0x0,active
1789918861,2026-09-20 18:41:01,5395,14230,11576,48792,5,44.9,0x0,active
1789918921,2026-09-20 18:42:01,5395,14290,11588,48792,5,44.9,0x0,active
1789918981,2026-09-20 18:43:01,5395,14350,11620,48792,5,44.4,0x0,active
1789919041,2026-09-20 18:44:01,5395,14410,11620,48792,5,44.9,0x0,active
1789919101,2026-09-20 18:45:01,5395,14470,11620,48792,5,44.9,0x0,active
1789919161,2026-09-20 18:46:01,5395,14530,11624,48792,5,44.9,0x0,active
1789919221,2026-09-20 18:47:01,5395,14590,11624,48792,5,44.9,0x0,active
1789919281,2026-09-20 18:48:01,5395,14650,11624,48792,5,44.9,0x0,active
1789919341,2026-09-20 18:49:01,5395,14710,11624,48792,5,44.4,0x0,active
1789919401,2026-09-20 18:50:01,5395,14770,11644,48792,5,45.5,0x0,active
1789919461,2026-09-20 18:51:01,5395,14830,11652,48792,5,44.9,0x0,active
1789919521,2026-09-20 18:52:01,5395,14890,11656,48792,5,45.5,0x0,active
1789919581,2026-09-20 18:53:01,5395,14950,11656,48792,5,44.9,0x0,active
1789919641,2026-09-20 18:54:01,5395,15010,11656,48792,5,44.9,0x0,active
1789919701,2026-09-20 18:55:01,5395,15070,11656,48792,5,45.5,0x0,active
1789919761,2026-09-20 18:56:01,5395,15130,11656,48792,5,44.9,0x0,active
1789919821,2026-09-20 18:57:01,5395,15190,11656,48792,5,45.5,0x0,active
1789919881,2026-09-20 18:58:01,5395,15250,11656,48792,5,45.5,0x0,active
1789919941,2026-09-20 18:59:01,5395,15310,11656,48792,5,44.4,0x0,active
1789920001,2026-09-20 19:00:01,5395,15370,11656,48792,5,44.9,0x0,active
1789920061,2026-09-20 19:01:01,5395,15430,11656,48792,5,45.5,0x0,active
1789920121,2026-09-20 19:02:01,5395,15490,11656,48792,5,44.9,0x0,active
1789920181,2026-09-20 19:03:01,5395,15550,11656,48792,5,44.9,0x0,active
1789920241,2026-09-20 19:04:01,5395,15610,11660,48792,5,44.9,0x0,active
1789920301,2026-09-20 19:05:01,5395,15670,11664,48792,5,45.5,0x0,active
1789920361,2026-09-20 19:06:01,5395,15730,11664,48792,5,44.9,0x0,active
1789920421,2026-09-20 19:07:01,5395,15790,11668,48792,5,44.4,0x0,active
1789920481,2026-09-20 19:08:01,5395,15850,11668,48792,5,45.5,0x0,active
1789920541,2026-09-20 19:09:01,5395,15910,11672,48792,5,44.9,0x0,active
1789920601,2026-09-20 19:10:01,5395,15970,11692,48792,5,44.9,0x0,active
1789920661,2026-09-20 19:11:01,5395,16030,11692,48792,5,44.4,0x0,active
1789920721,2026-09-20 19:12:01,5395,16090,11692,48792,5,44.4,0x0,active
1789920781,2026-09-20 19:13:01,5395,16150,11692,48792,5,44.9,0x0,active
1789920841,2026-09-20 19:14:01,5395,16210,11692,48792,5,44.9,0x0,active
1789920901,2026-09-20 19:15:01,5395,16270,11700,48792,5,45.5,0x0,active
1789920961,2026-09-20 19:16:01,5395,16330,11700,48792,5,45.5,0x0,active
1789921021,2026-09-20 19:17:01,5395,16390,11700,48792,5,44.4,0x0,active
1789921081,2026-09-20 19:18:01,5395,16450,11700,48792,5,45.5,0x0,active
1789921141,2026-09-20 19:19:01,5395,16510,11700,48792,5,44.9,0x0,active
1789921201,2026-09-20 19:20:01,5395,16570,11700,48792,5,44.9,0x0,active
1789921261,2026-09-20 19:21:01,5395,16630,11700,48792,5,44.9,0x0,active
1789921321,2026-09-20 19:22:01,5395,16690,11712,48792,5,44.4,0x0,active
1789921381,2026-09-20 19:23:01,5395,16750,11712,48792,5,45.5,0x0,active
1789921441,2026-09-20 19:24:01,5395,16810,11712,48792,5,44.4,0x0,active
1789921501,2026-09-20 19:25:01,5395,16870,11712,48792,5,45.5,0x0,active
1789921561,2026-09-20 19:26:01,5395,16930,11712,48792,5,44.9,0x0,active
1789921621,2026-09-20 19:27:01,5395,16990,11712,48792,5,44.4,0x0,active
1789921681,2026-09-20 19:28:01,5395,17050,11716,48792,5,44.9,0x0,active
1789921741,2026-09-20 19:29:01,5395,17110,11716,48792,5,44.9,0x0,active
1789921801,2026-09-20 19:30:01,5395,17170,11732,48792,5,44.4,0x0,active
1789921861,2026-09-20 19:31:01,5395,17230,11744,48792,5,44.4,0x0,active
1789921921,2026-09-20 19:32:01,5395,17290,11752,48792,5,45.5,0x0,active
1789921981,2026-09-20 19:33:01,5395,17350,11760,48792,5,44.4,0x0,active
1789922041,2026-09-20 19:34:01,5395,17410,11772,48792,5,45.5,0x0,active
1789922101,2026-09-20 19:35:01,5395,17470,11772,48792,5,44.9,0x0,active
1789922161,2026-09-20 19:36:01,5395,17530,11780,48792,5,44.9,0x0,active
1789922221,2026-09-20 19:37:01,5395,17590,11780,48792,5,44.4,0x0,active
1789922281,2026-09-20 19:38:01,5395,17650,11784,48792,5,44.9,0x0,active
1789922341,2026-09-20 19:39:01,5395,17710,11784,48792,5,44.9,0x0,active
1789922401,2026-09-20 19:40:01,5395,17770,11784,48792,5,44.4,0x0,active
1789922461,2026-09-20 19:41:01,5395,17830,11784,48792,5,44.9,0x0,active
1789922521,2026-09-20 19:42:01,5395,17890,11784,48792,5,44.4,0x0,active
1789922581,2026-09-20 19:43:01,5395,17950,11784,48792,5,45.5,0x0,active
1789922641,2026-09-20 19:44:01,5395,18010,11784,48792,5,44.9,0x0,active
1789922701,2026-09-20 19:45:01,5395,18070,11784,48792,5,44.9,0x0,active
1789922761,2026-09-20 19:46:01,5395,18130,11784,48792,5,44.9,0x0,active
1789922821,2026-09-20 19:47:01,5395,18190,11784,48792,5,44.4,0x0,active
1789922881,2026-09-20 19:48:01,5395,18250,11784,48792,5,44.9,0x0,active
1789922941,2026-09-20 19:49:01,5395,18310,11784,48792,5,45.5,0x0,active
1789923001,2026-09-20 19:50:01,5395,18370,11784,48792,5,44.4,0x0,active
1789923061,2026-09-20 19:51:01,5395,18430,11804,48792,5,44.9,0x0,active
1789923121,2026-09-20 19:52:01,5395,18490,11808,48792,5,44.9,0x0,active
1789923181,2026-09-20 19:53:01,5395,18550,11808,48792,5,44.9,0x0,active
1789923241,2026-09-20 19:54:01,5395,18610,11808,48792,5,44.9,0x0,active
1789923301,2026-09-20 19:55:01,5395,18670,11808,48792,5,44.4,0x0,active
1789923361,2026-09-20 19:56:01,5395,18730,11808,48792,5,44.4,0x0,active
1789923421,2026-09-20 19:57:01,5395,18790,11808,48792,5,44.9,0x0,active
1789923481,2026-09-20 19:58:01,5395,18850,11808,48792,5,44.9,0x0,active
1789923541,2026-09-20 19:59:01,5395,18910,11808,48792,5,44.4,0x0,active
1789923601,2026-09-20 20:00:01,5395,18970,11808,48792,5,44.9,0x0,active
1789923661,2026-09-20 20:01:01,5395,19030,11808,48792,5,45.5,0x0,active
1789923721,2026-09-20 20:02:01,5395,19090,11820,48792,5,44.9,0x0,active
1789923781,2026-09-20 20:03:01,5395,19150,11832,48792,5,45.5,0x0,active
1789923841,2026-09-20 20:04:01,5395,19210,11832,48792,5,44.9,0x0,active
1789923901,2026-09-20 20:05:01,5395,19270,11832,48792,5,44.9,0x0,active
1789923961,2026-09-20 20:06:01,5395,19330,11832,48792,5,44.9,0x0,active
1789924021,2026-09-20 20:07:01,5395,19390,11832,48792,5,44.9,0x0,active
1789924081,2026-09-20 20:08:01,5395,19450,11832,48792,5,44.4,0x0,active
1789924141,2026-09-20 20:09:01,5395,19510,11832,48792,5,44.4,0x0,active
1789924201,2026-09-20 20:10:01,5395,19570,11832,48792,5,44.9,0x0,active
1789924261,2026-09-20 20:11:01,5395,19630,11836,48792,5,44.9,0x0,active
1789924321,2026-09-20 20:12:01,5395,19690,11836,48792,5,44.9,0x0,active
1789924381,2026-09-20 20:13:01,5395,19750,11836,48792,5,44.9,0x0,active
1789924441,2026-09-20 20:14:01,5395,19810,11836,48792,5,44.9,0x0,active
1789924501,2026-09-20 20:15:01,5395,19870,11836,48792,5,44.9,0x0,active
1789924561,2026-09-20 20:16:01,5395,19930,11844,48792,5,44.4,0x0,active
1789924621,2026-09-20 20:17:01,5395,19990,11844,48792,5,45.5,0x0,active
1789924681,2026-09-20 20:18:01,5395,20050,11848,48792,5,45.5,0x0,active
1789924741,2026-09-20 20:19:01,5395,20110,11848,48792,5,44.4,0x0,active
1789924801,2026-09-20 20:20:01,5395,20170,11848,48792,5,44.4,0x0,active
1789924861,2026-09-20 20:21:01,5395,20230,11848,48792,5,45.5,0x0,active
1789924921,2026-09-20 20:22:01,5395,20290,11852,48792,5,45.5,0x0,active
1789924981,2026-09-20 20:23:01,5395,20350,11856,48792,5,44.9,0x0,active
1789925041,2026-09-20 20:24:01,5395,20410,11864,48792,5,44.4,0x0,active
1789925101,2026-09-20 20:25:01,5395,20470,11864,48792,5,45.5,0x0,active
1789925161,2026-09-20 20:26:01,5395,20530,11880,48792,5,44.4,0x0,active
1789925221,2026-09-20 20:27:01,5395,20590,11880,48792,5,44.4,0x0,active
1789925281,2026-09-20 20:28:01,5395,20650,11880,48792,5,44.4,0x0,active
1789925341,2026-09-20 20:29:01,5395,20710,11880,48792,5,44.9,0x0,active
1789925401,2026-09-20 20:30:01,5395,20770,11884,48792,5,44.9,0x0,active
1789925461,2026-09-20 20:31:01,5395,20830,11896,48792,5,45.5,0x0,active
1789925521,2026-09-20 20:32:01,5395,20890,11900,48792,5,44.9,0x0,active
1789925581,2026-09-20 20:33:01,5395,20950,11904,48792,5,44.4,0x0,active
1789925641,2026-09-20 20:34:01,5395,21010,11904,48792,5,44.9,0x0,active
1789925701,2026-09-20 20:35:01,5395,21070,11904,48792,5,44.9,0x0,active
1789925761,2026-09-20 20:36:01,5395,21130,11904,48792,5,44.9,0x0,active
1789925821,2026-09-20 20:37:01,5395,21190,11904,48792,5,44.4,0x0,active
1789925881,2026-09-20 20:38:01,5395,21250,11904,48792,5,44.4,0x0,active
1789925941,2026-09-20 20:39:01,5395,21310,11908,48792,5,44.4,0x0,active
1789926001,2026-09-20 20:40:01,5395,21370,11908,48792,5,44.9,0x0,active
1789926061,2026-09-20 20:41:01,5395,21430,11908,48792,5,44.9,0x0,active
1789926121,2026-09-20 20:42:01,5395,21490,11908,48792,5,44.4,0x0,active
1789926181,2026-09-20 20:43:01,5395,21550,11920,48792,5,45.5,0x0,active
1789926241,2026-09-20 20:44:01,5395,21610,11920,48792,5,45.5,0x0,active
1789926301,2026-09-20 20:45:01,5395,21670,11920,48792,5,44.9,0x0,active
1789926361,2026-09-20 20:46:01,5395,21730,11920,48792,5,44.9,0x0,active
1789926421,2026-09-20 20:47:01,5395,21790,11920,48792,5,44.4,0x0,active
1789926481,2026-09-20 20:48:01,5395,21850,11920,48792,5,44.9,0x0,active
1789926541,2026-09-20 20:49:01,5395,21910,11920,48792,5,44.4,0x0,active
1789926601,2026-09-20 20:50:01,5395,21970,11920,48792,5,44.4,0x0,active
1789926661,2026-09-20 20:51:01,5395,22030,11920,48792,5,44.4,0x0,active
1789926721,2026-09-20 20:52:01,5395,22090,11920,48792,5,44.4,0x0,active
1789926781,2026-09-20 20:53:01,5395,22150,11920,48792,5,44.4,0x0,active
1789926841,2026-09-20 20:54:01,5395,22210,11920,48792,5,44.4,0x0,active
1789926901,2026-09-20 20:55:01,5395,22270,11920,48792,5,44.4,0x0,active
1789926961,2026-09-20 20:56:01,5395,22330,11920,48792,5,44.9,0x0,active
1789927021,2026-09-20 20:57:01,5395,22390,11920,48792,5,44.9,0x0,active
1789927081,2026-09-20 20:58:01,5395,22450,11920,48792,5,44.9,0x0,active
1789927141,2026-09-20 20:59:01,5395,22510,11920,48792,5,44.9,0x0,active
1789927201,2026-09-20 21:00:01,5395,22570,11920,48792,5,44.4,0x0,active
1789927261,2026-09-20 21:01:01,5395,22630,11924,48792,5,44.9,0x0,active
1789927321,2026-09-20 21:02:01,5395,22690,11924,48792,5,45.5,0x0,active
1789927381,2026-09-20 21:03:01,5395,22750,11936,48792,5,44.9,0x0,active
1789927441,2026-09-20 21:04:01,5395,22810,11936,48792,5,44.4,0x0,active
1789927501,2026-09-20 21:05:01,5395,22870,11940,48792,5,44.9,0x0,active
1789927561,2026-09-20 21:06:01,5395,22930,11940,48792,5,44.9,0x0,active
1789927621,2026-09-20 21:07:01,5395,22990,11940,48792,5,44.9,0x0,active
1789927681,2026-09-20 21:08:01,5395,23050,11940,48792,5,44.4,0x0,active
1789927741,2026-09-20 21:09:01,5395,23110,11952,48792,5,44.4,0x0,active
1789927801,2026-09-20 21:10:01,5395,23170,11952,48792,5,44.9,0x0,active
1789927861,2026-09-20 21:11:01,5395,23230,11952,48792,5,45.5,0x0,active
1789927921,2026-09-20 21:12:01,5395,23290,11952,48792,5,44.9,0x0,active
1789927981,2026-09-20 21:13:01,5395,23350,11952,48792,5,44.9,0x0,active
1789928041,2026-09-20 21:14:01,5395,23410,11952,48792,5,44.4,0x0,active
1789928101,2026-09-20 21:15:01,5395,23470,11952,48792,5,44.9,0x0,active
1789928161,2026-09-20 21:16:01,5395,23530,11952,48792,5,44.9,0x0,active
1789928221,2026-09-20 21:17:01,5395,23590,11952,48792,5,44.4,0x0,active
1789928281,2026-09-20 21:18:01,5395,23650,11952,48792,5,44.4,0x0,active
1789928341,2026-09-20 21:19:01,5395,23710,11952,48792,5,44.4,0x0,active
1789928401,2026-09-20 21:20:01,5395,23770,11952,48792,5,44.9,0x0,active
1789928461,2026-09-20 21:21:01,5395,23830,11952,48792,5,45.5,0x0,active
1789928521,2026-09-20 21:22:01,5395,23890,11952,48792,5,44.4,0x0,active
1789928581,2026-09-20 21:23:01,5395,23950,11956,48792,5,44.9,0x0,active
1789928641,2026-09-20 21:24:01,5395,24010,11956,48792,5,44.9,0x0,active
1789928701,2026-09-20 21:25:01,5395,24070,11956,48792,5,44.9,0x0,active
1789928761,2026-09-20 21:26:01,5395,24130,11956,48792,5,44.4,0x0,active
1789928821,2026-09-20 21:27:01,5395,24190,11956,48792,5,44.9,0x0,active
1789928881,2026-09-20 21:28:01,5395,24250,11956,48792,5,44.4,0x0,active
1789928941,2026-09-20 21:29:01,5395,24310,11956,48792,5,44.4,0x0,active
1789929001,2026-09-20 21:30:01,5395,24370,11964,48792,5,44.9,0x0,active
1789929061,2026-09-20 21:31:01,5395,24430,11968,48792,5,45.5,0x0,active
1789929121,2026-09-20 21:32:01,5395,24490,11976,48792,5,44.4,0x0,active
1789929181,2026-09-20 21:33:01,5395,24550,11980,48792,5,44.4,0x0,active
1789929241,2026-09-20 21:34:01,5395,24611,11980,48792,5,44.9,0x0,active
1789929301,2026-09-20 21:35:01,5395,24670,12004,48792,5,44.9,0x0,active
1789929361,2026-09-20 21:36:01,5395,24730,12004,48792,5,44.9,0x0,active
1789929421,2026-09-20 21:37:01,5395,24790,12004,48792,5,44.4,0x0,active
1789929481,2026-09-20 21:38:01,5395,24850,12004,48792,5,44.4,0x0,active
1789929541,2026-09-20 21:39:01,5395,24910,12008,48792,5,44.9,0x0,active
1789929601,2026-09-20 21:40:01,5395,24970,12008,48792,5,44.4,0x0,active
1789929661,2026-09-20 21:41:01,5395,25030,12008,48792,5,44.4,0x0,active
1789929721,2026-09-20 21:42:01,5395,25090,12008,48792,5,44.4,0x0,active
1789929781,2026-09-20 21:43:01,5395,25150,12008,48792,5,44.9,0x0,active
1789929841,2026-09-20 21:44:01,5395,25210,12008,48792,5,44.9,0x0,active
1789929901,2026-09-20 21:45:01,5395,25270,12008,48792,5,44.9,0x0,active
1789929961,2026-09-20 21:46:01,5395,25330,12008,48792,5,44.9,0x0,active
1789930021,2026-09-20 21:47:01,5395,25390,12008,48792,5,45.5,0x0,active
1789930081,2026-09-20 21:48:01,5395,25450,12008,48792,5,45.5,0x0,active
1789930141,2026-09-20 21:49:01,5395,25510,12008,48792,5,45.5,0x0,active
1789930201,2026-09-20 21:50:01,5395,25570,12016,48792,5,44.4,0x0,active
1789930261,2026-09-20 21:51:01,5395,25630,12016,48792,5,44.9,0x0,active
1789930321,2026-09-20 21:52:01,5395,25690,12016,48792,5,44.4,0x0,active
1789930381,2026-09-20 21:53:01,5395,25750,12016,48792,5,44.9,0x0,active
1789930441,2026-09-20 21:54:01,5395,25810,12016,48792,5,44.9,0x0,active
1789930501,2026-09-20 21:55:01,5395,25870,12024,48792,5,44.9,0x0,active
1789930561,2026-09-20 21:56:01,5395,25930,12024,48792,5,44.4,0x0,active
1789930621,2026-09-20 21:57:01,5395,25990,12024,48792,5,44.9,0x0,active
1789930681,2026-09-20 21:58:01,5395,26050,12024,48792,5,45.5,0x0,active
1789930741,2026-09-20 21:59:01,5395,26110,12024,48792,5,44.4,0x0,active
1789930801,2026-09-20 22:00:01,5395,26170,12024,48792,5,44.9,0x0,active
1789930861,2026-09-20 22:01:01,5395,26230,12024,48792,5,45.5,0x0,active
1789930921,2026-09-20 22:02:01,5395,26290,12024,48792,5,44.9,0x0,active
1789930981,2026-09-20 22:03:01,5395,26350,12024,48792,5,44.4,0x0,active
1789931041,2026-09-20 22:04:01,5395,26410,12024,48792,5,44.9,0x0,active
1789931101,2026-09-20 22:05:01,5395,26470,12032,48792,5,44.9,0x0,active
1789931161,2026-09-20 22:06:01,5395,26530,12032,48792,5,44.4,0x0,active
1789931221,2026-09-20 22:07:01,5395,26590,12032,48792,5,44.4,0x0,active
1789931281,2026-09-20 22:08:01,5395,26650,12032,48792,5,44.9,0x0,active
1789931341,2026-09-20 22:09:01,5395,26710,12032,48792,5,44.9,0x0,active
1789931401,2026-09-20 22:10:01,5395,26770,12032,48792,5,44.9,0x0,active
1789931461,2026-09-20 22:11:01,5395,26830,12040,48792,5,44.4,0x0,active
1789931521,2026-09-20 22:12:01,5395,26890,12048,48792,5,44.4,0x0,active
1789931581,2026-09-20 22:13:01,5395,26950,12048,48792,5,44.4,0x0,active
1789931641,2026-09-20 22:14:01,5395,27010,12056,48792,5,44.9,0x0,active
1789931701,2026-09-20 22:15:01,5395,27070,12056,48792,5,44.4,0x0,active
1789931761,2026-09-20 22:16:01,5395,27130,12056,48792,5,45.5,0x0,active
1789931821,2026-09-20 22:17:01,5395,27190,12056,48792,5,44.9,0x0,active
1789931881,2026-09-20 22:18:01,5395,27251,12056,48792,5,44.9,0x0,active
1789931941,2026-09-20 22:19:01,5395,27310,12056,48792,5,44.9,0x0,active
1789932001,2026-09-20 22:20:01,5395,27370,12056,48792,5,44.9,0x0,active
1789932061,2026-09-20 22:21:01,5395,27430,12056,48792,5,45.5,0x0,active
1789932121,2026-09-20 22:22:01,5395,27490,12056,48792,5,44.4,0x0,active
1789932181,2026-09-20 22:23:01,5395,27550,12056,48792,5,44.9,0x0,active
1789932241,2026-09-20 22:24:01,5395,27610,12056,48792,5,45.5,0x0,active
1789932301,2026-09-20 22:25:01,5395,27670,12056,48792,5,44.9,0x0,active
1789932361,2026-09-20 22:26:01,5395,27730,12056,48792,5,44.9,0x0,active
1789932421,2026-09-20 22:27:01,5395,27790,12056,48792,5,45.5,0x0,active
1789932481,2026-09-20 22:28:01,5395,27850,12056,48792,5,44.9,0x0,active
1789932541,2026-09-20 22:29:01,5395,27910,12056,48792,5,44.9,0x0,active
1789932601,2026-09-20 22:30:01,5395,27970,12056,48792,5,44.4,0x0,active
1789932661,2026-09-20 22:31:01,5395,28030,12060,48792,5,44.9,0x0,active
1789932721,2026-09-20 22:32:01,5395,28090,12060,48792,5,44.9,0x0,active
1789932781,2026-09-20 22:33:01,5395,28150,12060,48792,5,44.9,0x0,active
1789932841,2026-09-20 22:34:01,5395,28210,12064,48792,5,45.5,0x0,active
1789932901,2026-09-20 22:35:01,5395,28270,12064,48792,5,44.9,0x0,active
1789932961,2026-09-20 22:36:01,5395,28330,12072,48792,5,45.5,0x0,active
1789933021,2026-09-20 22:37:01,5395,28390,12072,48792,5,44.9,0x0,active
1789933081,2026-09-20 22:38:01,5395,28450,12072,48792,5,44.4,0x0,active
1789933141,2026-09-20 22:39:01,5395,28510,12072,48792,5,44.9,0x0,active
1789933201,2026-09-20 22:40:01,5395,28570,12072,48792,5,45.5,0x0,active
1789933261,2026-09-20 22:41:01,5395,28630,12072,48792,5,45.5,0x0,active
1789933321,2026-09-20 22:42:01,5395,28690,12072,48792,5,44.9,0x0,active
1789933381,2026-09-20 22:43:01,5395,28750,12072,48792,5,44.9,0x0,active
1789933441,2026-09-20 22:44:01,5395,28810,12084,48792,5,44.9,0x0,active
1789933501,2026-09-20 22:45:01,5395,28870,12084,48792,5,44.9,0x0,active
1789933561,2026-09-20 22:46:01,5395,28930,12084,48792,5,44.9,0x0,active
1789933621,2026-09-20 22:47:01,5395,28990,12084,48792,5,44.4,0x0,active
1789933681,2026-09-20 22:48:01,5395,29050,12084,48792,5,44.4,0x0,active
1789933741,2026-09-20 22:49:01,5395,29110,12084,48792,5,45.5,0x0,active
1789933801,2026-09-20 22:50:01,5395,29170,12084,48792,5,45.5,0x0,active
1789933861,2026-09-20 22:51:01,5395,29230,12088,48792,5,44.4,0x0,active
1789933921,2026-09-20 22:52:01,5395,29290,12088,48792,5,44.9,0x0,active
1789933981,2026-09-20 22:53:01,5395,29350,12088,48792,5,44.9,0x0,active
1789934041,2026-09-20 22:54:01,5395,29410,12088,48792,5,44.9,0x0,active
1789934101,2026-09-20 22:55:01,5395,29470,12088,48792,5,44.4,0x0,active
1789934161,2026-09-20 22:56:01,5395,29530,12092,48792,5,44.9,0x0,active
1789934221,2026-09-20 22:57:01,5395,29590,12092,48792,5,45.5,0x0,active
1789934281,2026-09-20 22:58:01,5395,29650,12092,48792,5,44.9,0x0,active
1789934341,2026-09-20 22:59:01,5395,29710,12092,48792,5,44.4,0x0,active
1789934401,2026-09-20 23:00:01,5395,29770,12092,48792,5,44.4,0x0,active
1789934461,2026-09-20 23:01:01,5395,29830,12092,48792,5,44.9,0x0,active
1789934521,2026-09-20 23:02:01,5395,29890,12100,48792,5,44.4,0x0,active
1789934581,2026-09-20 23:03:01,5395,29950,12100,48792,5,45.5,0x0,active
1789934641,2026-09-20 23:04:01,5395,30010,12100,48792,5,45.5,0x0,active
1789934701,2026-09-20 23:05:01,5395,30070,12100,48792,5,44.9,0x0,active
1789934761,2026-09-20 23:06:01,5395,30130,12104,48792,5,45.5,0x0,active
1789934821,2026-09-20 23:07:01,5395,30190,12104,48792,5,44.9,0x0,active
1789934881,2026-09-20 23:08:01,5395,30250,12104,48792,5,44.4,0x0,active
1789934941,2026-09-20 23:09:01,5395,30310,12108,48792,5,44.4,0x0,active
1789935001,2026-09-20 23:10:01,5395,30370,12112,48792,5,44.4,0x0,active
1789935061,2026-09-20 23:11:01,5395,30430,12112,48792,5,44.9,0x0,active
1789935121,2026-09-20 23:12:01,5395,30490,12112,48792,5,44.9,0x0,active
1789935181,2026-09-20 23:13:01,5395,30550,12112,48792,5,44.4,0x0,active
1789935241,2026-09-20 23:14:01,5395,30610,12112,48792,5,45.5,0x0,active
1789935301,2026-09-20 23:15:01,5395,30670,12112,48792,5,44.9,0x0,active
1789935361,2026-09-20 23:16:01,5395,30730,12112,48792,5,44.9,0x0,active
1789935421,2026-09-20 23:17:01,5395,30790,12112,48792,5,44.4,0x0,active
1789935481,2026-09-20 23:18:01,5395,30850,12112,48792,5,45.5,0x0,active
1789935541,2026-09-20 23:19:01,5395,30910,12112,48792,5,44.9,0x0,active
1789935601,2026-09-20 23:20:01,5395,30970,12112,48792,5,44.4,0x0,active
1789935661,2026-09-20 23:21:01,5395,31030,12112,48792,5,44.9,0x0,active
1789935721,2026-09-20 23:22:01,5395,31090,12112,48792,5,44.4,0x0,active
1789935781,2026-09-20 23:23:01,5395,31150,12112,48792,5,44.9,0x0,active
1789935841,2026-09-20 23:24:01,5395,31210,12112,48792,5,44.4,0x0,active
1789935901,2026-09-20 23:25:01,5395,31270,12112,48792,5,44.4,0x0,active
1789935961,2026-09-20 23:26:01,5395,31330,12112,48792,5,44.4,0x0,active
1789936021,2026-09-20 23:27:01,5395,31390,12112,48792,5,44.4,0x0,active
1789936081,2026-09-20 23:28:01,5395,31450,12112,48792,5,44.9,0x0,active
1789936141,2026-09-20 23:29:01,5395,31510,12116,48792,5,44.4,0x0,active
1789936201,2026-09-20 23:30:01,5395,31570,12116,48792,5,44.9,0x0,active
1789936261,2026-09-20 23:31:01,5395,31630,12120,48792,5,44.9,0x0,active
1789936321,2026-09-20 23:32:01,5395,31690,12124,48792,5,44.9,0x0,active
1789936381,2026-09-20 23:33:01,5395,31750,12128,48792,5,44.9,0x0,active
1789936441,2026-09-20 23:34:01,5395,31810,12128,48792,5,44.4,0x0,active
1789936501,2026-09-20 23:35:01,5395,31870,12128,48792,5,44.4,0x0,active
1789936561,2026-09-20 23:36:01,5395,31930,12128,48792,5,44.4,0x0,active
1789936621,2026-09-20 23:37:01,5395,31990,12128,48792,5,44.4,0x0,active
1789936681,2026-09-20 23:38:01,5395,32050,12128,48792,5,44.4,0x0,active
1789936741,2026-09-20 23:39:01,5395,32110,12128,48792,5,44.4,0x0,active
1789936801,2026-09-20 23:40:01,5395,32170,12128,48792,5,44.4,0x0,active
1789936861,2026-09-20 23:41:01,5395,32230,12128,48792,5,44.4,0x0,active
1789936921,2026-09-20 23:42:01,5395,32290,12132,48792,5,44.9,0x0,active
1789936981,2026-09-20 23:43:01,5395,32350,12132,48792,5,44.4,0x0,active
1789937041,2026-09-20 23:44:01,5395,32410,12136,48792,5,44.9,0x0,active
1789937101,2026-09-20 23:45:01,5395,32470,12136,48792,5,44.9,0x0,active
1789937161,2026-09-20 23:46:01,5395,32530,12136,48792,5,44.4,0x0,active
1789937221,2026-09-20 23:47:01,5395,32590,12156,48792,5,44.4,0x0,active
1789937281,2026-09-20 23:48:01,5395,32650,12156,48792,5,44.9,0x0,active
1789937341,2026-09-20 23:49:01,5395,32710,12156,48792,5,44.9,0x0,active
1789937401,2026-09-20 23:50:01,5395,32770,12156,48792,5,44.9,0x0,active
1789937461,2026-09-20 23:51:01,5395,32830,12156,48792,5,44.4,0x0,active
1789937521,2026-09-20 23:52:01,5395,32890,12156,48792,5,44.9,0x0,active
1789937581,2026-09-20 23:53:01,5395,32950,12156,48792,5,44.9,0x0,active
1789937641,2026-09-20 23:54:01,5395,33010,12156,48792,5,44.4,0x0,active
1789937701,2026-09-20 23:55:01,5395,33070,12160,48792,5,44.4,0x0,active
1789937761,2026-09-20 23:56:01,5395,33130,12160,48792,5,44.9,0x0,active
1789937821,2026-09-20 23:57:01,5395,33190,12160,48792,5,44.9,0x0,active
1789937881,2026-09-20 23:58:01,5395,33250,12164,48792,5,44.4,0x0,active
1789937941,2026-09-20 23:59:01,5395,33310,12164,48792,5,44.4,0x0,active
